-- ============================================================
-- SQL 10: 우유펫 관리자 대시보드 — 테스트 데이터 삽입
-- ============================================================
-- 실행 환경: Supabase SQL Editor
-- 주의: 반드시 빈 DB에서 실행 (기존 데이터 있으면 충돌 가능)
-- 생성일: 2026-03-26
-- ============================================================

-- ============================================================
-- 0. 사전 준비: RLS 임시 비활성화 (테스트 데이터 삽입용)
-- ============================================================
-- Supabase SQL Editor는 service_role로 실행되므로 RLS를 우회합니다.
-- 만약 RLS가 INSERT를 차단하면 아래 주석을 해제하세요:
-- ALTER TABLE members DISABLE ROW LEVEL SECURITY;
-- (모든 테이블에 대해 반복 후, 삽입 완료 뒤 다시 ENABLE)

-- ============================================================
-- 1. members (회원) — 10명
-- ============================================================
-- CHECK 제약조건 예상값:
--   current_mode: '보호자', '유치원'
--   status: '정상', '이용정지', '탈퇴'
--   address_auth_status: '미인증', '심사중', '인증완료'
--   noshow_sanction: '제재없음', '7일 예약제한', '1개월 예약제한', '영구 정지'
--   gender: '남', '여'

INSERT INTO members (id, name, nickname, nickname_tag, profile_image, birth_date, gender, carrier, phone, current_mode, status, suspend_reason, suspend_start, suspend_end, withdrawn_at, withdraw_reason, identity_verified, identity_method, identity_verified_at, identity_carrier, address_road, address_complex, address_building_dong, address_building_ho, address_auth_status, address_auth_date, address_doc_urls, noshow_count, noshow_sanction, noshow_sanction_end, created_at, updated_at)
VALUES
-- M1: 보호자 (정상, 인증완료)
('a0000001-0000-0000-0000-000000000001', '김민수', '행복한댕댕이아빠', '#1001', NULL, '1990-05-12', '남', 'SKT', '010-1234-5678', '보호자', '정상', NULL, NULL, NULL, NULL, NULL, true, '휴대폰 본인인증', '2026-01-15 10:00:00+09', 'SKT', '서울시 강남구 테헤란로 123', '래미안 아파트', '101동', '1502호', '인증완료', '2026-01-16 14:00:00+09', NULL, 0, '제재없음', NULL, '2026-01-10 09:00:00+09', '2026-03-20 15:00:00+09'),

-- M2: 보호자 (정상, 인증완료)
('a0000001-0000-0000-0000-000000000002', '이서연', '우리집뽀미맘', '#2045', NULL, '1993-08-23', '여', 'KT', '010-2345-6789', '보호자', '정상', NULL, NULL, NULL, NULL, NULL, true, '휴대폰 본인인증', '2026-01-20 11:00:00+09', 'KT', '서울시 송파구 올림픽로 45', '잠실 엘스', '203동', '804호', '인증완료', '2026-01-21 09:30:00+09', NULL, 0, '제재없음', NULL, '2026-01-18 14:00:00+09', '2026-03-22 10:00:00+09'),

-- M3: 유치원 운영자 (정상, 인증완료)
('a0000001-0000-0000-0000-000000000003', '박지훈', '밤톨이네원장', '#3012', NULL, '1985-03-15', '남', 'LGU+', '010-3456-7890', '유치원', '정상', NULL, NULL, NULL, NULL, NULL, true, '휴대폰 본인인증', '2026-01-05 09:00:00+09', 'LGU+', '서울시 강남구 삼성로 67', '래미안 아파트', '102동', '301호', '인증완료', '2026-01-06 10:00:00+09', NULL, 0, '제재없음', NULL, '2026-01-03 08:00:00+09', '2026-03-25 18:00:00+09'),

-- M4: 유치원 운영자 (정상, 인증완료)
('a0000001-0000-0000-0000-000000000004', '최수진', '해피독하우스사장', '#4088', NULL, '1988-11-30', '여', 'SKT', '010-4567-8901', '유치원', '정상', NULL, NULL, NULL, NULL, NULL, true, '휴대폰 본인인증', '2026-02-01 10:30:00+09', 'SKT', '서울시 송파구 백제고분로 200', '잠실 엘스', '205동', '1201호', '인증완료', '2026-02-02 11:00:00+09', NULL, 0, '제재없음', NULL, '2026-01-28 13:00:00+09', '2026-03-24 12:00:00+09'),

-- M5: 보호자 (정상, 심사중)
('a0000001-0000-0000-0000-000000000005', '정다은', '초코엄마', '#5023', NULL, '1995-07-08', '여', 'KT', '010-5678-9012', '보호자', '정상', NULL, NULL, NULL, NULL, NULL, true, '휴대폰 본인인증', '2026-02-10 15:00:00+09', 'KT', '서울시 마포구 월드컵북로 30', '래미안 마포', '304동', '605호', '심사중', NULL, ARRAY['https://storage.example.com/docs/m5_doc1.jpg'], 0, '제재없음', NULL, '2026-02-08 10:00:00+09', '2026-03-20 09:00:00+09'),

-- M6: 보호자 (정상, 미인증)
('a0000001-0000-0000-0000-000000000006', '한준혁', '멍멍이아빠준혁', '#6077', NULL, '1992-12-01', '남', 'LGU+', '010-6789-0123', '보호자', '정상', NULL, NULL, NULL, NULL, NULL, false, NULL, NULL, NULL, '서울시 서초구 반포대로 100', '반포 자이', '501동', '903호', '미인증', NULL, NULL, 0, '제재없음', NULL, '2026-03-01 11:00:00+09', '2026-03-15 14:00:00+09'),

-- M7: 보호자 (이용정지)
('a0000001-0000-0000-0000-000000000007', '오현우', '나쁜보호자', '#7099', NULL, '1991-04-25', '남', 'SKT', '010-7890-1234', '보호자', '이용정지', '반복적인 노쇼 발생', '2026-03-10 00:00:00+09', '2026-04-10 00:00:00+09', NULL, NULL, true, '휴대폰 본인인증', '2026-02-15 09:00:00+09', 'SKT', '서울시 강동구 천호대로 200', '현대 아파트', '201동', '1105호', '인증완료', '2026-02-16 10:00:00+09', NULL, 2, '1개월 예약제한', '2026-04-10 00:00:00+09', '2026-02-12 16:00:00+09', '2026-03-20 10:00:00+09'),

-- M8: 보호자 (탈퇴)
('a0000001-0000-0000-0000-000000000008', '임수빈', '탈퇴한사용자', '#8055', NULL, '1997-09-19', '여', 'KT', '010-8901-2345', '보호자', '탈퇴', NULL, NULL, NULL, '2026-03-15 10:00:00+09', '서비스 불만족', true, '휴대폰 본인인증', '2026-01-25 11:00:00+09', 'KT', '서울시 영등포구 여의대로 50', '여의도 파크원', '601동', '2003호', '인증완료', '2026-01-26 09:00:00+09', NULL, 0, '제재없음', NULL, '2026-01-22 08:30:00+09', '2026-03-15 10:00:00+09'),

-- M9: 유치원 운영자 (정상)
('a0000001-0000-0000-0000-000000000009', '강태영', '사랑이네원장', '#9034', NULL, '1983-06-10', '남', 'SKT', '010-9012-3456', '유치원', '정상', NULL, NULL, NULL, NULL, NULL, true, '휴대폰 본인인증', '2026-02-20 14:00:00+09', 'SKT', '서울시 용산구 이태원로 55', '한남 더힐', '701동', '501호', '인증완료', '2026-02-21 10:00:00+09', NULL, 0, '제재없음', NULL, '2026-02-18 09:00:00+09', '2026-03-23 11:00:00+09'),

-- M10: 보호자 (정상, 노쇼 1회)
('a0000001-0000-0000-0000-000000000010', '윤채린', '코코사랑해', '#1088', NULL, '1994-02-14', '여', 'LGU+', '010-0123-4567', '보호자', '정상', NULL, NULL, NULL, NULL, NULL, true, '휴대폰 본인인증', '2026-03-05 10:00:00+09', 'LGU+', '서울시 강남구 도산대로 80', '래미안 아파트', '103동', '707호', '인증완료', '2026-03-06 11:00:00+09', NULL, 1, '7일 예약제한', '2026-03-27 00:00:00+09', '2026-03-02 15:00:00+09', '2026-03-20 16:00:00+09');


-- ============================================================
-- 2. kindergartens (유치원) — 3곳
-- ============================================================
-- CHECK 제약조건 예상값:
--   business_status: '영업중', '방학중'
--   address_auth_status: '미인증', '심사중', '인증완료'
--   settlement_status: '작성중', '제출됨', '승인', '거절'
--   inicis_status: '미등록', '등록요청중', '등록완료', '등록실패'
--   noshow_sanction: '제재없음', '경고', '영구 정지'

INSERT INTO kindergartens (id, member_id, name, description, photo_urls, business_status, address_road, address_jibun, address_complex, address_building_dong, address_building_ho, address_auth_status, address_auth_date, address_doc_urls, freshness_current, freshness_initial, price_small_1h, price_small_24h, price_small_walk, price_small_pickup, price_medium_1h, price_medium_24h, price_medium_walk, price_medium_pickup, price_large_1h, price_large_24h, price_large_walk, price_large_pickup, settlement_status, inicis_status, inicis_submall_code, seller_id, noshow_count, noshow_sanction, created_at, updated_at)
VALUES
-- K1: 밤톨이네 (영업중, 등록완료)
('b0000001-0000-0000-0000-000000000001', 'a0000001-0000-0000-0000-000000000003', '밤톨이네', '강남 래미안 단지 내 운영하는 가정식 반려동물 유치원입니다. 넓은 공간과 정성스러운 돌봄으로 아이들이 편안하게 지낼 수 있어요.', ARRAY['https://storage.example.com/kg/k1_photo1.jpg', 'https://storage.example.com/kg/k1_photo2.jpg'], '영업중', '서울시 강남구 삼성로 67', '서울시 강남구 삼성동 123-4', '래미안 아파트', '102동', '301호', '인증완료', '2026-01-07 10:00:00+09', NULL, 135.0, 100.0, 15000, 55000, 5000, 10000, 20000, 70000, 7000, 12000, 25000, 85000, 9000, 15000, '승인', '등록완료', 'SUB001', 'wooyoo1', 0, '제재없음', '2026-01-05 09:00:00+09', '2026-03-25 18:00:00+09'),

-- K2: 해피독하우스 (영업중, 등록완료)
('b0000001-0000-0000-0000-000000000002', 'a0000001-0000-0000-0000-000000000004', '해피독하우스', '잠실 엘스 단지 내 프리미엄 반려동물 돌봄 서비스입니다. 24시간 CCTV와 전문 돌봄사가 상주합니다.', ARRAY['https://storage.example.com/kg/k2_photo1.jpg'], '영업중', '서울시 송파구 백제고분로 200', '서울시 송파구 잠실동 45-6', '잠실 엘스', '205동', '1201호', '인증완료', '2026-02-03 11:00:00+09', NULL, 120.0, 100.0, 18000, 65000, 6000, 12000, 23000, 80000, 8000, 14000, 28000, 95000, 10000, 16000, '승인', '등록완료', 'SUB002', 'wooyoo2', 0, '제재없음', '2026-01-30 13:00:00+09', '2026-03-24 12:00:00+09'),

-- K3: 사랑이네 (영업중, 미등록 — 정산정보 미제출)
('b0000001-0000-0000-0000-000000000003', 'a0000001-0000-0000-0000-000000000009', '사랑이네', '용산 한남 더힐에서 소규모로 운영하는 프리미엄 펫 시터입니다. 소형견 전문입니다.', ARRAY['https://storage.example.com/kg/k3_photo1.jpg'], '영업중', '서울시 용산구 이태원로 55', '서울시 용산구 한남동 789', '한남 더힐', '701동', '501호', '인증완료', '2026-02-22 10:00:00+09', NULL, 100.0, 100.0, 20000, 70000, 7000, NULL, NULL, NULL, NULL, NULL, NULL, NULL, NULL, NULL, '작성중', '미등록', NULL, NULL, 0, '제재없음', '2026-02-20 09:00:00+09', '2026-03-23 11:00:00+09');


-- ============================================================
-- 3. pets (반려동물) — 7마리
-- ============================================================
-- CHECK 제약조건 예상값:
--   gender: '수컷', '암컷'
--   size_class: '소형', '중형', '대형'

INSERT INTO pets (id, member_id, name, photo_urls, breed, gender, birth_date, weight, size_class, is_neutered, is_vaccinated, is_representative, description, created_at, updated_at)
VALUES
-- P1: 뽀미 (M2의 대표 반려동물, 소형)
('c0000001-0000-0000-0000-000000000001', 'a0000001-0000-0000-0000-000000000002', '뽀미', ARRAY['https://storage.example.com/pets/p1_photo1.jpg'], '포메라니안', '암컷', '2023-03-10', 3.2, '소형', true, true, true, '사람을 좋아하고 애교가 많은 포메라니안입니다. 낯가림이 조금 있어요.', '2026-01-20 14:00:00+09', '2026-03-20 10:00:00+09'),

-- P2: 초코 (M5의 대표 반려동물, 중형)
('c0000001-0000-0000-0000-000000000002', 'a0000001-0000-0000-0000-000000000005', '초코', ARRAY['https://storage.example.com/pets/p2_photo1.jpg'], '코카스파니엘', '수컷', '2022-07-15', 12.5, '중형', true, true, true, '활발하고 사교적인 코카스파니엘입니다. 산책을 매우 좋아해요.', '2026-02-10 15:30:00+09', '2026-03-18 09:00:00+09'),

-- P3: 몽이 (M1의 대표 반려동물, 소형)
('c0000001-0000-0000-0000-000000000003', 'a0000001-0000-0000-0000-000000000001', '몽이', ARRAY['https://storage.example.com/pets/p3_photo1.jpg', 'https://storage.example.com/pets/p3_photo2.jpg'], '말티즈', '수컷', '2024-01-20', 4.1, '소형', false, true, true, '아직 어린 말티즈입니다. 에너지가 넘쳐요!', '2026-01-12 10:00:00+09', '2026-03-22 15:00:00+09'),

-- P4: 백구 (M1의 두 번째 반려동물, 대형)
('c0000001-0000-0000-0000-000000000004', 'a0000001-0000-0000-0000-000000000001', '백구', ARRAY['https://storage.example.com/pets/p4_photo1.jpg'], '골든리트리버', '수컷', '2021-05-03', 30.0, '대형', true, true, false, '순하고 착한 골든리트리버입니다. 사람을 정말 좋아해요.', '2026-01-12 10:30:00+09', '2026-03-10 11:00:00+09'),

-- P5: 코코 (M10의 대표 반려동물, 소형)
('c0000001-0000-0000-0000-000000000005', 'a0000001-0000-0000-0000-000000000010', '코코', ARRAY['https://storage.example.com/pets/p5_photo1.jpg'], '비숑프리제', '암컷', '2023-09-01', 5.0, '소형', true, true, true, '하얀 솜뭉치 비숑프리제 코코입니다. 사교성이 좋아요.', '2026-03-03 15:00:00+09', '2026-03-20 16:00:00+09'),

-- P6: 두부 (M6의 대표 반려동물, 소형)
('c0000001-0000-0000-0000-000000000006', 'a0000001-0000-0000-0000-000000000006', '두부', ARRAY['https://storage.example.com/pets/p6_photo1.jpg'], '시추', '암컷', '2024-06-10', 4.5, '소형', false, false, true, '귀여운 시추 두부입니다. 아직 예방접종을 안 했어요.', '2026-03-05 11:00:00+09', '2026-03-15 14:00:00+09'),

-- P7: 상주견 - 밤톨 (K1 유치원의 상주 반려동물)
('c0000001-0000-0000-0000-000000000007', 'a0000001-0000-0000-0000-000000000003', '밤톨', ARRAY['https://storage.example.com/pets/p7_photo1.jpg'], '믹스견', '수컷', '2020-11-15', 8.0, '소형', true, true, true, '밤톨이네 유치원의 터줏대감 밤톨이입니다. 다른 강아지들과 잘 지내요.', '2026-01-05 09:00:00+09', '2026-03-20 10:00:00+09');


-- ============================================================
-- 3-1. kindergarten_resident_pets (유치원 상주 반려동물)
-- ============================================================
INSERT INTO kindergarten_resident_pets (id, kindergarten_id, pet_id, created_at)
VALUES
('d1000001-0000-0000-0000-000000000001', 'b0000001-0000-0000-0000-000000000001', 'c0000001-0000-0000-0000-000000000007', '2026-01-05 09:00:00+09');


-- ============================================================
-- 4. reservations (돌봄예약) — 8건
-- ============================================================
-- CHECK 제약조건 예상값:
--   status: '수락대기', '예약확정', '돌봄진행중', '돌봄완료', '보호자취소', '유치원취소', '유치원거절', '노쇼'

INSERT INTO reservations (id, member_id, pet_id, kindergarten_id, status, requested_at, checkin_scheduled, checkout_scheduled, checkin_actual, checkout_actual, walk_count, pickup_requested, reject_reason, reject_detail, rejected_at, guardian_checkout_confirmed, guardian_checkout_confirmed_at, kg_checkout_confirmed, kg_checkout_confirmed_at, auto_complete_scheduled_at, created_at, updated_at)
VALUES
-- R1: 돌봄완료 (뽀미 → 밤톨이네)
('d0000001-0000-0000-0000-000000000001', 'a0000001-0000-0000-0000-000000000002', 'c0000001-0000-0000-0000-000000000001', 'b0000001-0000-0000-0000-000000000001', '돌봄완료', '2026-03-01 09:00:00+09', '2026-03-05 09:00:00+09', '2026-03-05 18:00:00+09', '2026-03-05 09:10:00+09', '2026-03-05 17:50:00+09', 2, false, NULL, NULL, NULL, true, '2026-03-05 18:30:00+09', true, '2026-03-05 18:00:00+09', '2026-03-06 18:00:00+09', '2026-03-01 09:00:00+09', '2026-03-05 18:30:00+09'),

-- R2: 예약확정 (몽이 → 해피독하우스)
('d0000001-0000-0000-0000-000000000002', 'a0000001-0000-0000-0000-000000000001', 'c0000001-0000-0000-0000-000000000003', 'b0000001-0000-0000-0000-000000000002', '예약확정', '2026-03-20 10:00:00+09', '2026-03-28 09:00:00+09', '2026-03-28 18:00:00+09', NULL, NULL, 1, true, NULL, NULL, NULL, false, NULL, false, NULL, NULL, '2026-03-20 10:00:00+09', '2026-03-21 09:00:00+09'),

-- R3: 수락대기 (초코 → 밤톨이네)
('d0000001-0000-0000-0000-000000000003', 'a0000001-0000-0000-0000-000000000005', 'c0000001-0000-0000-0000-000000000002', 'b0000001-0000-0000-0000-000000000001', '수락대기', '2026-03-25 14:00:00+09', '2026-04-01 09:00:00+09', '2026-04-01 18:00:00+09', NULL, NULL, 1, false, NULL, NULL, NULL, false, NULL, false, NULL, NULL, '2026-03-25 14:00:00+09', '2026-03-25 14:00:00+09'),

-- R4: 보호자취소 (뽀미 → 해피독하우스)
('d0000001-0000-0000-0000-000000000004', 'a0000001-0000-0000-0000-000000000002', 'c0000001-0000-0000-0000-000000000001', 'b0000001-0000-0000-0000-000000000002', '보호자취소', '2026-02-20 11:00:00+09', '2026-02-25 09:00:00+09', '2026-02-25 18:00:00+09', NULL, NULL, 0, false, NULL, NULL, NULL, false, NULL, false, NULL, NULL, '2026-02-20 11:00:00+09', '2026-02-22 09:00:00+09'),

-- R5: 돌봄진행중 (코코 → 밤톨이네)
('d0000001-0000-0000-0000-000000000005', 'a0000001-0000-0000-0000-000000000010', 'c0000001-0000-0000-0000-000000000005', 'b0000001-0000-0000-0000-000000000001', '돌봄진행중', '2026-03-24 08:00:00+09', '2026-03-26 09:00:00+09', '2026-03-26 18:00:00+09', '2026-03-26 09:05:00+09', NULL, 1, false, NULL, NULL, NULL, false, NULL, false, NULL, NULL, '2026-03-24 08:00:00+09', '2026-03-26 09:05:00+09'),

-- R6: 유치원거절 (백구 → 밤톨이네 — 대형견 합사 어려움)
('d0000001-0000-0000-0000-000000000006', 'a0000001-0000-0000-0000-000000000001', 'c0000001-0000-0000-0000-000000000004', 'b0000001-0000-0000-0000-000000000001', '유치원거절', '2026-03-10 15:00:00+09', '2026-03-15 09:00:00+09', '2026-03-15 18:00:00+09', NULL, NULL, 0, false, '합사어려움', '현재 소형견이 많아서 대형견 합사가 어렵습니다.', '2026-03-10 17:00:00+09', false, NULL, false, NULL, NULL, '2026-03-10 15:00:00+09', '2026-03-10 17:00:00+09'),

-- R7: 노쇼 (코코 → 해피독하우스 — M10의 노쇼)
('d0000001-0000-0000-0000-000000000007', 'a0000001-0000-0000-0000-000000000010', 'c0000001-0000-0000-0000-000000000005', 'b0000001-0000-0000-0000-000000000002', '노쇼', '2026-03-15 10:00:00+09', '2026-03-20 09:00:00+09', '2026-03-20 18:00:00+09', NULL, NULL, 1, false, NULL, NULL, NULL, false, NULL, false, NULL, NULL, '2026-03-15 10:00:00+09', '2026-03-20 09:30:00+09'),

-- R8: 돌봄완료 (몽이 → 밤톨이네, 1박2일)
('d0000001-0000-0000-0000-000000000008', 'a0000001-0000-0000-0000-000000000001', 'c0000001-0000-0000-0000-000000000003', 'b0000001-0000-0000-0000-000000000001', '돌봄완료', '2026-02-25 09:00:00+09', '2026-03-01 14:00:00+09', '2026-03-02 14:00:00+09', '2026-03-01 14:10:00+09', '2026-03-02 13:50:00+09', 3, true, NULL, NULL, NULL, true, '2026-03-02 14:30:00+09', true, '2026-03-02 14:00:00+09', '2026-03-03 14:00:00+09', '2026-02-25 09:00:00+09', '2026-03-02 14:30:00+09');


-- ============================================================
-- 5. payments (결제) — 7건
-- ============================================================
-- CHECK 제약조건 예상값:
--   status: '결제완료', '취소완료', '부분취소'

INSERT INTO payments (id, member_id, kindergarten_id, pet_id, reservation_id, pg_transaction_id, approval_number, submall_id, amount, payment_method, card_company, card_number, status, cancel_reason, cancelled_at, paid_at, created_at, updated_at)
VALUES
-- PAY1: R1 결제 (돌봄완료)
('e0000001-0000-0000-0000-000000000001', 'a0000001-0000-0000-0000-000000000002', 'b0000001-0000-0000-0000-000000000001', 'c0000001-0000-0000-0000-000000000001', 'd0000001-0000-0000-0000-000000000001', 'PG20260301001', 'AP20260301001', 'wooyoo1', 55000, '신용카드', '삼성카드', '4321-****-****-5678', '결제완료', NULL, NULL, '2026-03-01 09:05:00+09', '2026-03-01 09:05:00+09', '2026-03-05 18:30:00+09'),

-- PAY2: R2 결제 (예약확정)
('e0000001-0000-0000-0000-000000000002', 'a0000001-0000-0000-0000-000000000001', 'b0000001-0000-0000-0000-000000000002', 'c0000001-0000-0000-0000-000000000003', 'd0000001-0000-0000-0000-000000000002', 'PG20260320001', 'AP20260320001', 'wooyoo2', 47000, '신용카드', '현대카드', '1234-****-****-9876', '결제완료', NULL, NULL, '2026-03-20 10:03:00+09', '2026-03-20 10:03:00+09', '2026-03-20 10:03:00+09'),

-- PAY3: R3 결제 (수락대기)
('e0000001-0000-0000-0000-000000000003', 'a0000001-0000-0000-0000-000000000005', 'b0000001-0000-0000-0000-000000000001', 'c0000001-0000-0000-0000-000000000002', 'd0000001-0000-0000-0000-000000000003', 'PG20260325001', 'AP20260325001', 'wooyoo1', 40000, '간편결제', '카카오페이', NULL, '결제완료', NULL, NULL, '2026-03-25 14:05:00+09', '2026-03-25 14:05:00+09', '2026-03-25 14:05:00+09'),

-- PAY4: R4 결제 → 취소완료 (보호자취소)
('e0000001-0000-0000-0000-000000000004', 'a0000001-0000-0000-0000-000000000002', 'b0000001-0000-0000-0000-000000000002', 'c0000001-0000-0000-0000-000000000001', 'd0000001-0000-0000-0000-000000000004', 'PG20260220001', 'AP20260220001', 'wooyoo2', 48000, '체크카드', '국민카드', '5678-****-****-1234', '취소완료', '보호자 요청으로 취소', '2026-02-22 09:30:00+09', '2026-02-20 11:05:00+09', '2026-02-20 11:05:00+09', '2026-02-22 09:30:00+09'),

-- PAY5: R5 결제 (돌봄진행중)
('e0000001-0000-0000-0000-000000000005', 'a0000001-0000-0000-0000-000000000010', 'b0000001-0000-0000-0000-000000000001', 'c0000001-0000-0000-0000-000000000005', 'd0000001-0000-0000-0000-000000000005', 'PG20260324001', 'AP20260324001', 'wooyoo1', 35000, '신용카드', '신한카드', '9999-****-****-1111', '결제완료', NULL, NULL, '2026-03-24 08:05:00+09', '2026-03-24 08:05:00+09', '2026-03-24 08:05:00+09'),

-- PAY6: R7 결제 (노쇼 — 결제완료 유지)
('e0000001-0000-0000-0000-000000000006', 'a0000001-0000-0000-0000-000000000010', 'b0000001-0000-0000-0000-000000000002', 'c0000001-0000-0000-0000-000000000005', 'd0000001-0000-0000-0000-000000000007', 'PG20260315001', 'AP20260315001', 'wooyoo2', 42000, '신용카드', '롯데카드', '7777-****-****-3333', '결제완료', NULL, NULL, '2026-03-15 10:05:00+09', '2026-03-15 10:05:00+09', '2026-03-20 09:30:00+09'),

-- PAY7: R8 결제 (돌봄완료, 1박2일)
('e0000001-0000-0000-0000-000000000007', 'a0000001-0000-0000-0000-000000000001', 'b0000001-0000-0000-0000-000000000001', 'c0000001-0000-0000-0000-000000000003', 'd0000001-0000-0000-0000-000000000008', 'PG20260225001', 'AP20260225001', 'wooyoo1', 85000, '신용카드', '삼성카드', '4321-****-****-5678', '결제완료', NULL, NULL, '2026-02-25 09:05:00+09', '2026-02-25 09:05:00+09', '2026-03-02 14:30:00+09');


-- ============================================================
-- 6. refunds (환불) — 2건
-- ============================================================
-- CHECK 제약조건 예상값:
--   requester: '보호자', '유치원', '관리자'
--   status: '환불대기', '환불완료', '환불실패'

INSERT INTO refunds (id, payment_id, reservation_id, member_id, kindergarten_id, requester, cancel_reason, requested_at, hours_before_checkin, applied_rule, original_amount, refund_rate, refund_amount, penalty_rate, penalty_amount, status, completed_at, fail_reason, pg_refund_tx_id, refund_method, penalty_tx_id, penalty_payment_method, penalty_payment_status, penalty_settled_to_kg, penalty_exempted, penalty_exempt_reason, created_at, updated_at)
VALUES
-- RF1: R4의 환불 (72시간 이상 전 → 전액 환불, 위약금 0%)
('f0000001-0000-0000-0000-000000000001', 'e0000001-0000-0000-0000-000000000004', 'd0000001-0000-0000-0000-000000000004', 'a0000001-0000-0000-0000-000000000002', 'b0000001-0000-0000-0000-000000000002', '보호자', '개인 일정 변경', '2026-02-22 09:00:00+09', 72.0, '72시간 이상 전 취소 – 전액 환불', 48000, 100, 48000, 0, 0, '환불완료', '2026-02-22 09:30:00+09', NULL, 'RF_PG20260222001', '원래 결제수단', NULL, NULL, NULL, false, false, NULL, '2026-02-22 09:00:00+09', '2026-02-22 09:30:00+09'),

-- RF2: 환불대기 건 (테스트용)
('f0000001-0000-0000-0000-000000000002', 'e0000001-0000-0000-0000-000000000006', 'd0000001-0000-0000-0000-000000000007', 'a0000001-0000-0000-0000-000000000010', 'b0000001-0000-0000-0000-000000000002', '관리자', '노쇼 관련 관리자 직권 처리', '2026-03-21 10:00:00+09', NULL, NULL, 42000, 50, 21000, 50, 21000, '환불대기', NULL, NULL, NULL, NULL, NULL, NULL, NULL, false, false, NULL, '2026-03-21 10:00:00+09', '2026-03-21 10:00:00+09');


-- ============================================================
-- 7. settlement_infos (정산정보) — 2건
-- ============================================================
-- CHECK 제약조건 예상값:
--   business_type: '개인', '사업자'
--   inicis_status: '미등록', '등록요청중', '등록완료', '등록실패'

INSERT INTO settlement_infos (id, kindergarten_id, member_id, operator_name, operator_birth_date, operator_ssn_masked, operator_phone, operator_email, business_type, business_reg_number, business_name, business_category, account_bank, account_number, account_holder, inicis_seller_id, submall_code, inicis_status, inicis_fail_reason, inicis_requested_at, inicis_completed_at, submitted_at, processed_at, created_at, updated_at)
VALUES
-- SI1: 밤톨이네 (개인, 등록완료)
('g0000001-0000-0000-0000-000000000001', 'b0000001-0000-0000-0000-000000000001', 'a0000001-0000-0000-0000-000000000003', '박지훈', '1985-03-15', '850315-1******', '010-3456-7890', 'jihopark@email.com', '개인', NULL, NULL, NULL, '국민은행', '123-456-789012', '박지훈', 'wooyoo1', 'SUB001', '등록완료', NULL, '2026-01-08 10:00:00+09', '2026-01-10 14:00:00+09', '2026-01-07 10:00:00+09', '2026-01-10 14:00:00+09', '2026-01-07 10:00:00+09', '2026-03-25 18:00:00+09'),

-- SI2: 해피독하우스 (사업자, 등록완료)
('g0000001-0000-0000-0000-000000000002', 'b0000001-0000-0000-0000-000000000002', 'a0000001-0000-0000-0000-000000000004', '최수진', '1988-11-30', '881130-2******', '010-4567-8901', 'sujinchoi@email.com', '사업자', '123-45-67890', '해피독하우스', '서비스/반려동물', '신한은행', '987-654-321098', '최수진', 'wooyoo2', 'SUB002', '등록완료', NULL, '2026-02-05 11:00:00+09', '2026-02-07 15:00:00+09', '2026-02-04 10:00:00+09', '2026-02-07 15:00:00+09', '2026-02-04 10:00:00+09', '2026-03-24 12:00:00+09');


-- ============================================================
-- 8. settlements (정산내역) — 4건
-- ============================================================
-- CHECK 제약조건 예상값:
--   transaction_type: '돌봄결제', '위약금'
--   status: '정산예정', '정산완료', '정산보류'

INSERT INTO settlements (id, kindergarten_id, member_id, payment_id, reservation_id, refund_id, operator_name, transaction_type, payment_amount, commission_rate, commission_amount, settlement_amount, account_bank, account_number, account_holder, inicis_submall_code, status, hold_reason, scheduled_date, completed_date, created_at, updated_at)
VALUES
-- S1: R1 돌봄결제 정산완료
('h0000001-0000-0000-0000-000000000001', 'b0000001-0000-0000-0000-000000000001', 'a0000001-0000-0000-0000-000000000002', 'e0000001-0000-0000-0000-000000000001', 'd0000001-0000-0000-0000-000000000001', NULL, '박지훈', '돌봄결제', 55000, 20.0, 11000, 44000, '국민은행', '123-456-789012', '박지훈', 'SUB001', '정산완료', NULL, '2026-03-10', '2026-03-10', '2026-03-06 00:00:00+09', '2026-03-10 10:00:00+09'),

-- S2: R8 돌봄결제 정산완료
('h0000001-0000-0000-0000-000000000002', 'b0000001-0000-0000-0000-000000000001', 'a0000001-0000-0000-0000-000000000001', 'e0000001-0000-0000-0000-000000000007', 'd0000001-0000-0000-0000-000000000008', NULL, '박지훈', '돌봄결제', 85000, 20.0, 17000, 68000, '국민은행', '123-456-789012', '박지훈', 'SUB001', '정산완료', NULL, '2026-03-07', '2026-03-07', '2026-03-03 00:00:00+09', '2026-03-07 10:00:00+09'),

-- S3: R5 돌봄결제 정산예정 (진행중이므로)
('h0000001-0000-0000-0000-000000000003', 'b0000001-0000-0000-0000-000000000001', 'a0000001-0000-0000-0000-000000000010', 'e0000001-0000-0000-0000-000000000005', 'd0000001-0000-0000-0000-000000000005', NULL, '박지훈', '돌봄결제', 35000, 20.0, 7000, 28000, '국민은행', '123-456-789012', '박지훈', 'SUB001', '정산예정', NULL, '2026-03-31', NULL, '2026-03-24 08:05:00+09', '2026-03-24 08:05:00+09'),

-- S4: R7 정산보류 (노쇼 관련)
('h0000001-0000-0000-0000-000000000004', 'b0000001-0000-0000-0000-000000000002', 'a0000001-0000-0000-0000-000000000010', 'e0000001-0000-0000-0000-000000000006', 'd0000001-0000-0000-0000-000000000007', NULL, '최수진', '돌봄결제', 42000, 20.0, 8400, 33600, '신한은행', '987-654-321098', '최수진', 'SUB002', '정산보류', '노쇼 관련 환불 처리 대기 중', '2026-03-25', NULL, '2026-03-20 09:30:00+09', '2026-03-21 10:00:00+09');


-- ============================================================
-- 9. chat_rooms (채팅방) — 3개
-- ============================================================
-- CHECK 제약조건 예상값:
--   status: '활성', '비활성'

INSERT INTO chat_rooms (id, guardian_id, kindergarten_id, status, last_message, last_message_at, total_message_count, has_report, created_at, updated_at)
VALUES
('i0000001-0000-0000-0000-000000000001', 'a0000001-0000-0000-0000-000000000002', 'b0000001-0000-0000-0000-000000000001', '활성', '내일 뽀미 데리러 갈게요!', '2026-03-25 18:30:00+09', 15, false, '2026-02-28 10:00:00+09', '2026-03-25 18:30:00+09'),
('i0000001-0000-0000-0000-000000000002', 'a0000001-0000-0000-0000-000000000001', 'b0000001-0000-0000-0000-000000000002', '활성', '예약 확정 감사합니다!', '2026-03-21 09:00:00+09', 8, false, '2026-03-18 14:00:00+09', '2026-03-21 09:00:00+09'),
('i0000001-0000-0000-0000-000000000003', 'a0000001-0000-0000-0000-000000000010', 'b0000001-0000-0000-0000-000000000002', '비활성', '신고로 인해 비활성화되었습니다.', '2026-03-20 15:00:00+09', 22, true, '2026-03-10 11:00:00+09', '2026-03-21 10:00:00+09');


-- ============================================================
-- 10. chat_messages (채팅 메시지) — 10건
-- ============================================================
-- CHECK 제약조건 예상값:
--   sender_type: '보호자', '유치원', '시스템'
--   message_type: '텍스트', '이미지', '시스템'

INSERT INTO chat_messages (id, chat_room_id, sender_type, sender_id, message_type, content, image_urls, is_read, created_at)
VALUES
-- 채팅방 1 (이서연 ↔ 밤톨이네)
('j0000001-0000-0000-0000-000000000001', 'i0000001-0000-0000-0000-000000000001', '보호자', 'a0000001-0000-0000-0000-000000000002', '텍스트', '안녕하세요! 뽀미 맡기려고 하는데 가능할까요?', NULL, true, '2026-02-28 10:05:00+09'),
('j0000001-0000-0000-0000-000000000002', 'i0000001-0000-0000-0000-000000000001', '유치원', 'a0000001-0000-0000-0000-000000000003', '텍스트', '안녕하세요! 네 소형견은 언제든 가능합니다 😊', NULL, true, '2026-02-28 10:10:00+09'),
('j0000001-0000-0000-0000-000000000003', 'i0000001-0000-0000-0000-000000000001', '시스템', NULL, '시스템', '예약이 확정되었습니다. (예약번호: d0000001-0000-0000-0000-000000000001)', NULL, true, '2026-03-01 09:10:00+09'),
('j0000001-0000-0000-0000-000000000004', 'i0000001-0000-0000-0000-000000000001', '유치원', 'a0000001-0000-0000-0000-000000000003', '이미지', '뽀미가 잘 놀고 있어요!', '["https://storage.example.com/chat/msg4_photo1.jpg"]', true, '2026-03-05 14:00:00+09'),
('j0000001-0000-0000-0000-000000000005', 'i0000001-0000-0000-0000-000000000001', '보호자', 'a0000001-0000-0000-0000-000000000002', '텍스트', '내일 뽀미 데리러 갈게요!', NULL, true, '2026-03-25 18:30:00+09'),

-- 채팅방 2 (김민수 ↔ 해피독하우스)
('j0000001-0000-0000-0000-000000000006', 'i0000001-0000-0000-0000-000000000002', '보호자', 'a0000001-0000-0000-0000-000000000001', '텍스트', '몽이 예약하려고 합니다. 픽업도 가능한가요?', NULL, true, '2026-03-18 14:05:00+09'),
('j0000001-0000-0000-0000-000000000007', 'i0000001-0000-0000-0000-000000000002', '유치원', 'a0000001-0000-0000-0000-000000000004', '텍스트', '네! 픽업/드랍 서비스도 제공합니다. 편하게 예약해주세요!', NULL, true, '2026-03-18 14:15:00+09'),
('j0000001-0000-0000-0000-000000000008', 'i0000001-0000-0000-0000-000000000002', '보호자', 'a0000001-0000-0000-0000-000000000001', '텍스트', '예약 확정 감사합니다!', NULL, false, '2026-03-21 09:00:00+09'),

-- 채팅방 3 (윤채린 ↔ 해피독하우스)
('j0000001-0000-0000-0000-000000000009', 'i0000001-0000-0000-0000-000000000003', '보호자', 'a0000001-0000-0000-0000-000000000010', '텍스트', '왜 제 예약을 일방적으로 취소하셨죠?', NULL, true, '2026-03-20 14:00:00+09'),
('j0000001-0000-0000-0000-000000000010', 'i0000001-0000-0000-0000-000000000003', '시스템', NULL, '시스템', '신고가 접수되어 채팅방이 비활성화되었습니다.', NULL, true, '2026-03-20 15:00:00+09');


-- ============================================================
-- 11. chat_room_reservations (채팅방-예약 연동)
-- ============================================================
INSERT INTO chat_room_reservations (id, chat_room_id, reservation_id, created_at)
VALUES
('k0000001-0000-0000-0000-000000000001', 'i0000001-0000-0000-0000-000000000001', 'd0000001-0000-0000-0000-000000000001', '2026-03-01 09:00:00+09'),
('k0000001-0000-0000-0000-000000000002', 'i0000001-0000-0000-0000-000000000002', 'd0000001-0000-0000-0000-000000000002', '2026-03-20 10:00:00+09'),
('k0000001-0000-0000-0000-000000000003', 'i0000001-0000-0000-0000-000000000003', 'd0000001-0000-0000-0000-000000000007', '2026-03-15 10:00:00+09');


-- ============================================================
-- 12. reports (신고) — 2건
-- ============================================================
-- CHECK 제약조건 예상값:
--   reporter_type / reported_type: '보호자', '유치원'
--   status: '접수', '처리중', '처리완료', '기각'

INSERT INTO reports (id, chat_room_id, reporter_id, reporter_type, reported_id, reported_type, reason_category, reason_detail, attachment_urls, status, processed_at, sanction_result, sanction_type, sanction_start, sanction_end, process_reason, processed_by, reported_at, created_at, updated_at)
VALUES
-- RPT1: 윤채린이 해피독하우스 신고 (처리중)
('l0000001-0000-0000-0000-000000000001', 'i0000001-0000-0000-0000-000000000003', 'a0000001-0000-0000-0000-000000000010', '보호자', 'a0000001-0000-0000-0000-000000000004', '유치원', '부적절한 언어', '유치원에서 부적절한 언어를 사용하며 응대했습니다.', '["https://storage.example.com/reports/rpt1_screenshot1.jpg"]', '처리중', NULL, NULL, NULL, NULL, NULL, NULL, NULL, '2026-03-20 15:00:00+09', '2026-03-20 15:00:00+09', '2026-03-21 10:00:00+09'),

-- RPT2: 해피독하우스가 보호자 신고 (처리완료)
('l0000001-0000-0000-0000-000000000002', 'i0000001-0000-0000-0000-000000000003', 'a0000001-0000-0000-0000-000000000004', '유치원', 'a0000001-0000-0000-0000-000000000010', '보호자', '사기 의심', '예약 후 의도적으로 노쇼하고 환불을 요구합니다.', NULL, '처리완료', '2026-03-22 14:00:00+09', '경고', '경고', NULL, NULL, '확인 결과 노쇼 사실이 확인되어 경고 조치합니다.', '최고관리자', '2026-03-20 16:00:00+09', '2026-03-20 16:00:00+09', '2026-03-22 14:00:00+09');


-- ============================================================
-- 13. report_logs (신고 처리 이력)
-- ============================================================
INSERT INTO report_logs (id, report_id, prev_status, new_status, processed_by, note, created_at)
VALUES
('m0000001-0000-0000-0000-000000000001', 'l0000001-0000-0000-0000-000000000001', '접수', '처리중', '최고관리자', '담당자 배정', '2026-03-21 10:00:00+09'),
('m0000001-0000-0000-0000-000000000002', 'l0000001-0000-0000-0000-000000000002', '접수', '처리중', '최고관리자', '사실 확인 진행', '2026-03-21 09:00:00+09'),
('m0000001-0000-0000-0000-000000000003', 'l0000001-0000-0000-0000-000000000002', '처리중', '처리완료', '최고관리자', '확인 결과 노쇼 사실 확인, 경고 조치', '2026-03-22 14:00:00+09');


-- ============================================================
-- 14. guardian_reviews (보호자 후기) — 3건
-- ============================================================
-- CHECK 제약조건 예상값:
--   satisfaction: '최고예요', '좋았어요', '아쉬워요'

INSERT INTO guardian_reviews (id, member_id, kindergarten_id, reservation_id, pet_id, satisfaction, selected_tags, content, image_urls, is_hidden, hidden_reason, hidden_at, written_at, created_at, updated_at)
VALUES
-- GR1: 뽀미 → 밤톨이네 (최고예요)
('n0000001-0000-0000-0000-000000000001', 'a0000001-0000-0000-0000-000000000002', 'b0000001-0000-0000-0000-000000000001', 'd0000001-0000-0000-0000-000000000001', 'c0000001-0000-0000-0000-000000000001', '최고예요', '["상담이 친절하고 편안했어요", "사진과 영상을 자주 보내주셨어요", "다음에도 맡기고 싶어요"]', '밤톨이네에 뽀미를 처음 맡겨봤는데 정말 만족스러웠어요! 원장님이 정말 친절하시고 뽀미도 즐겁게 놀았나 봐요. 사진도 자주 보내주셔서 안심이 됐습니다.', '["https://storage.example.com/reviews/gr1_photo1.jpg"]', false, NULL, NULL, '2026-03-06 10:00:00+09', '2026-03-06 10:00:00+09', '2026-03-06 10:00:00+09'),

-- GR2: 몽이 → 밤톨이네 (좋았어요)
('n0000001-0000-0000-0000-000000000002', 'a0000001-0000-0000-0000-000000000001', 'b0000001-0000-0000-0000-000000000001', 'd0000001-0000-0000-0000-000000000008', 'c0000001-0000-0000-0000-000000000003', '좋았어요', '["예약한 돌봄 일정을 잘 지켜주셨어요", "반려견이 즐겁고 편안하게 지냈어요"]', '1박2일 맡겼는데 전체적으로 좋았습니다. 다만 산책 사진이 좀 더 있으면 좋겠어요.', NULL, false, NULL, NULL, '2026-03-03 11:00:00+09', '2026-03-03 11:00:00+09', '2026-03-03 11:00:00+09'),

-- GR3: 숨김 처리된 후기
('n0000001-0000-0000-0000-000000000003', 'a0000001-0000-0000-0000-000000000010', 'b0000001-0000-0000-0000-000000000002', NULL, 'c0000001-0000-0000-0000-000000000005', '아쉬워요', '["상담이 불친절하고 불편했어요", "다음에는 맡기고 싶지 않아요"]', '유치원 응대가 너무 불친절했어요. 전화도 잘 안 받고...', NULL, true, '부적절한 비방성 내용 포함', '2026-03-22 15:00:00+09', '2026-03-21 09:00:00+09', '2026-03-21 09:00:00+09', '2026-03-22 15:00:00+09');


-- ============================================================
-- 15. kindergarten_reviews (유치원 후기) — 2건
-- ============================================================
-- CHECK 제약조건 예상값:
--   satisfaction: '최고예요', '좋았어요', '아쉬워요'

INSERT INTO kindergarten_reviews (id, kindergarten_id, pet_id, member_id, reservation_id, satisfaction, selected_tags, content, is_guardian_only, is_hidden, hidden_reason, hidden_at, written_at, created_at, updated_at)
VALUES
-- KR1: 밤톨이네 → 뽀미 후기 (최고예요)
('o0000001-0000-0000-0000-000000000001', 'b0000001-0000-0000-0000-000000000001', 'c0000001-0000-0000-0000-000000000001', 'a0000001-0000-0000-0000-000000000002', 'd0000001-0000-0000-0000-000000000001', '최고예요', '["사람을 좋아하고 애교가 많아요", "거의 짖지 않았어요", "다음에도 맡아주고 싶어요"]', '뽀미는 정말 순하고 착한 아이예요. 다른 강아지들과도 잘 어울리고 밥도 잘 먹었습니다. 다음에도 꼭 맡아주고 싶어요!', false, false, NULL, NULL, '2026-03-05 19:00:00+09', '2026-03-05 19:00:00+09', '2026-03-05 19:00:00+09'),

-- KR2: 밤톨이네 → 몽이 후기 (좋았어요, 보호자 전용)
('o0000001-0000-0000-0000-000000000002', 'b0000001-0000-0000-0000-000000000001', 'c0000001-0000-0000-0000-000000000003', 'a0000001-0000-0000-0000-000000000001', 'd0000001-0000-0000-0000-000000000008', '좋았어요', '["유치원에서 안정적으로 잘 있었어요", "편식이나 남기는 것 없이 사료를 잘 먹어요"]', '몽이는 에너지가 넘치지만 전체적으로 잘 지냈습니다. 아직 어린 편이라 훈련이 좀 더 필요한 것 같아요.', true, false, NULL, NULL, '2026-03-02 20:00:00+09', '2026-03-02 20:00:00+09', '2026-03-02 20:00:00+09');


-- ============================================================
-- 16. education_topics (교육 주제) — 3개
-- ============================================================
-- CHECK 제약조건 예상값:
--   visibility: '공개', '비공개'

INSERT INTO education_topics (id, display_order, title, visibility, top_image_url, principle_text, principle_details, correct_behavior_1, correct_behavior_2, wrong_behavior_1, created_at, updated_at)
VALUES
('p0000001-0000-0000-0000-000000000001', 1, '안전한 돌봄 환경 만들기', '공개', 'https://storage.example.com/edu/topic1_top.jpg', '안전하고 깨끗한 환경이 최고의 돌봄입니다', '["전기 코드, 작은 물건 등 위험 요소를 미리 제거해주세요", "바닥은 미끄럽지 않은 재질로 준비해주세요", "탈출 방지를 위해 창문과 문을 확인해주세요"]', '돌봄 공간을 매일 청소하고 위험 물건을 치웁니다', '반려동물이 접근할 수 있는 높이의 물건을 수시로 확인합니다', '위험 물건을 방치하고 청소를 소홀히 합니다', '2026-01-15 10:00:00+09', '2026-03-20 09:00:00+09'),

('p0000001-0000-0000-0000-000000000002', 2, '올바른 반려동물 식사 관리', '공개', 'https://storage.example.com/edu/topic2_top.jpg', '정확한 급여량과 시간이 건강의 기본입니다', '["보호자가 알려준 급여량을 정확히 지켜주세요", "알러지 정보를 반드시 사전에 확인해주세요", "깨끗한 물을 항상 준비해주세요"]', '보호자의 급여 지침을 정확히 따릅니다', '식사 전후 반려동물의 상태를 관찰합니다', '보호자의 지침 없이 임의로 간식을 줍니다', '2026-01-20 10:00:00+09', '2026-03-20 09:00:00+09'),

('p0000001-0000-0000-0000-000000000003', 3, '응급 상황 대처법', '비공개', 'https://storage.example.com/edu/topic3_top.jpg', '신속한 판단과 대처가 생명을 지킵니다', '["가까운 동물병원 연락처를 항상 준비해주세요", "기본적인 응급처치 방법을 숙지해주세요", "이상 증상 발견 시 즉시 보호자에게 연락해주세요"]', '응급 상황 시 동물병원에 즉시 연락합니다', '보호자에게 상황을 신속하게 알립니다', '이상 증상을 무시하고 방치합니다', '2026-02-01 10:00:00+09', '2026-03-15 09:00:00+09');


-- ============================================================
-- 17. education_quizzes (교육 퀴즈) — 3문항
-- ============================================================
-- CHECK 제약조건 예상값:
--   correct_answer: 'A', 'B'

INSERT INTO education_quizzes (id, topic_id, question_text, question_image_url, choice_a, choice_b, correct_answer, correct_explanation, wrong_explanation, created_at, updated_at)
VALUES
('q0000001-0000-0000-0000-000000000001', 'p0000001-0000-0000-0000-000000000001', '반려동물 돌봄 공간에서 가장 먼저 해야 할 일은?', NULL, '위험 물건을 제거하고 안전한 환경을 확인합니다', '예쁜 장식을 많이 배치합니다', 'A', '맞습니다! 안전이 최우선입니다. 위험 물건을 미리 제거하고 환경을 점검하는 것이 가장 중요합니다.', '장식보다는 안전이 먼저입니다. 전기 코드, 작은 물건 등 위험 요소를 먼저 확인해주세요.', '2026-01-15 10:30:00+09', '2026-03-20 09:00:00+09'),

('q0000001-0000-0000-0000-000000000002', 'p0000001-0000-0000-0000-000000000002', '보호자가 알려준 급여량보다 반려동물이 더 먹고 싶어할 때 어떻게 해야 할까요?', NULL, '원하는 만큼 더 줍니다', '보호자의 급여 지침을 지키고, 필요시 보호자에게 확인합니다', 'B', '정답입니다! 보호자의 급여 지침을 정확히 따르는 것이 중요합니다. 추가 급여가 필요하다고 판단되면 반드시 보호자와 상의하세요.', '보호자의 지침 없이 임의로 급여량을 늘리면 소화 문제가 발생할 수 있습니다.', '2026-01-20 10:30:00+09', '2026-03-20 09:00:00+09'),

('q0000001-0000-0000-0000-000000000003', 'p0000001-0000-0000-0000-000000000003', '돌봄 중 반려동물이 갑자기 구토를 시작했을 때 가장 먼저 해야 할 일은?', NULL, '동물병원에 연락하고 보호자에게 즉시 알립니다', '자연스러운 현상이니 지켜봅니다', 'A', '맞습니다! 구토는 다양한 원인이 있을 수 있으므로 즉시 전문가에게 확인하고 보호자에게 알리는 것이 올바른 대처입니다.', '구토를 방치하면 위험할 수 있습니다. 항상 신속하게 대처해주세요.', '2026-02-01 10:30:00+09', '2026-03-15 09:00:00+09');


-- ============================================================
-- 18. checklists (유치원 체크리스트 버전) — 2개
-- ============================================================
-- CHECK 제약조건 예상값:
--   apply_status: '현재 적용중', '이전 버전'

INSERT INTO checklists (id, version_number, apply_status, item_count, created_by, created_at)
VALUES
('r0000001-0000-0000-0000-000000000001', 1, '이전 버전', 3, '최고관리자', '2026-01-10 10:00:00+09'),
('r0000001-0000-0000-0000-000000000002', 2, '현재 적용중', 5, '최고관리자', '2026-02-15 10:00:00+09');


-- ============================================================
-- 19. checklist_items (체크리스트 항목) — 5개 (v2)
-- ============================================================
INSERT INTO checklist_items (id, checklist_id, display_order, content, is_active, created_at)
VALUES
('s0000001-0000-0000-0000-000000000001', 'r0000001-0000-0000-0000-000000000002', 1, '돌봄 공간의 바닥이 미끄럽지 않도록 매트 등을 설치했는가?', true, '2026-02-15 10:00:00+09'),
('s0000001-0000-0000-0000-000000000002', 'r0000001-0000-0000-0000-000000000002', 2, '전기 코드, 작은 물건 등 위험 요소를 제거했는가?', true, '2026-02-15 10:00:00+09'),
('s0000001-0000-0000-0000-000000000003', 'r0000001-0000-0000-0000-000000000002', 3, '탈출 방지를 위해 창문과 현관문 잠금 장치를 확인했는가?', true, '2026-02-15 10:00:00+09'),
('s0000001-0000-0000-0000-000000000004', 'r0000001-0000-0000-0000-000000000002', 4, '깨끗한 식수를 항상 제공할 수 있는 환경을 갖추었는가?', true, '2026-02-15 10:00:00+09'),
('s0000001-0000-0000-0000-000000000005', 'r0000001-0000-0000-0000-000000000002', 5, '가까운 동물병원 연락처를 사전에 파악하고 있는가?', false, '2026-02-15 10:00:00+09');


-- ============================================================
-- 20. pledges (서약서 버전) — 1개
-- ============================================================
-- CHECK 제약조건 예상값:
--   apply_status: '현재 적용중', '이전 버전'

INSERT INTO pledges (id, version_number, apply_status, title, body_content, item_count, created_by, created_at)
VALUES
('t0000001-0000-0000-0000-000000000001', 1, '현재 적용중', '우유펫 파트너 활동 서약서', '본인은 우유펫 반려동물 돌봄 파트너로서 아래 사항을 성실히 이행할 것을 서약합니다.', 3, '최고관리자', '2026-01-15 10:00:00+09');


-- ============================================================
-- 21. pledge_items (서약 항목) — 3개
-- ============================================================
INSERT INTO pledge_items (id, pledge_id, display_order, content, sub_items, created_at)
VALUES
('u0000001-0000-0000-0000-000000000001', 't0000001-0000-0000-0000-000000000001', 1, '안전한 돌봄 환경을 유지하겠습니다', '["위험 물건을 사전에 제거합니다", "청결한 돌봄 공간을 유지합니다"]', '2026-01-15 10:00:00+09'),
('u0000001-0000-0000-0000-000000000002', 't0000001-0000-0000-0000-000000000001', 2, '보호자와의 약속을 성실히 이행하겠습니다', '["예약 시간을 정확히 지킵니다", "돌봄 중 상태를 수시로 알려드립니다", "특이사항 발생 시 즉시 연락합니다"]', '2026-01-15 10:00:00+09'),
('u0000001-0000-0000-0000-000000000003', 't0000001-0000-0000-0000-000000000001', 3, '반려동물의 건강과 안전을 최우선으로 하겠습니다', '["응급 상황 시 즉시 동물병원에 연락합니다", "보호자의 급여/투약 지침을 정확히 따릅니다"]', '2026-01-15 10:00:00+09');


-- ============================================================
-- 22. education_completions (교육 이수현황) — 3건
-- ============================================================
-- CHECK 제약조건 예상값:
--   completion_status: '미시작', '진행중', '이수완료'

INSERT INTO education_completions (id, kindergarten_id, topic_details, total_topics, completed_topics, progress_rate, completion_status, all_completed_at, checklist_confirmed, checklist_confirmed_at, checklist_version_id, pledge_agreed, pledge_agreed_at, pledge_version_id, force_completed, force_completed_reason, reset_reason, created_at, updated_at)
VALUES
-- EC1: 밤톨이네 — 이수완료
('v0000001-0000-0000-0000-000000000001', 'b0000001-0000-0000-0000-000000000001', '[{"topic_id": "p0000001-0000-0000-0000-000000000001", "completed": true, "completed_at": "2026-02-01T10:00:00+09:00"}, {"topic_id": "p0000001-0000-0000-0000-000000000002", "completed": true, "completed_at": "2026-02-05T10:00:00+09:00"}]', 2, 2, 100.0, '이수완료', '2026-02-05 10:00:00+09', true, '2026-02-06 10:00:00+09', 'r0000001-0000-0000-0000-000000000002', true, '2026-02-07 10:00:00+09', 't0000001-0000-0000-0000-000000000001', false, NULL, NULL, '2026-01-20 10:00:00+09', '2026-02-07 10:00:00+09'),

-- EC2: 해피독하우스 — 진행중
('v0000001-0000-0000-0000-000000000002', 'b0000001-0000-0000-0000-000000000002', '[{"topic_id": "p0000001-0000-0000-0000-000000000001", "completed": true, "completed_at": "2026-03-10T10:00:00+09:00"}, {"topic_id": "p0000001-0000-0000-0000-000000000002", "completed": false, "completed_at": null}]', 2, 1, 50.0, '진행중', NULL, false, NULL, NULL, false, NULL, NULL, false, NULL, NULL, '2026-03-05 10:00:00+09', '2026-03-10 10:00:00+09'),

-- EC3: 사랑이네 — 미시작
('v0000001-0000-0000-0000-000000000003', 'b0000001-0000-0000-0000-000000000003', '[]', 2, 0, 0.0, '미시작', NULL, false, NULL, NULL, false, NULL, NULL, false, NULL, NULL, '2026-02-20 09:00:00+09', '2026-02-20 09:00:00+09');


-- ============================================================
-- 23. banners (배너) — 3개
-- ============================================================
-- CHECK 제약조건 예상값:
--   link_type: '외부 URL', '앱 내 화면'
--   visibility: '공개', '비공개'

INSERT INTO banners (id, title, image_url, link_type, link_url, display_position, display_order, start_date, end_date, visibility, created_at, updated_at)
VALUES
('w0000001-0000-0000-0000-000000000001', '우유펫 오픈 기념 이벤트', 'https://storage.example.com/banners/banner1.jpg', '앱 내 화면', '/event/open', '홈 상단', 1, '2026-03-01', '2026-04-30', '공개', '2026-02-28 10:00:00+09', '2026-02-28 10:00:00+09'),
('w0000001-0000-0000-0000-000000000002', '첫 돌봄 50% 할인 쿠폰', 'https://storage.example.com/banners/banner2.jpg', '앱 내 화면', '/coupon/first', '홈 상단', 2, '2026-03-15', '2026-05-15', '공개', '2026-03-10 10:00:00+09', '2026-03-10 10:00:00+09'),
('w0000001-0000-0000-0000-000000000003', '유치원 파트너 모집 안내', 'https://storage.example.com/banners/banner3.jpg', '외부 URL', 'https://wooyoopet.com/partner', '홈 중간', 1, '2026-01-01', '2026-03-20', '비공개', '2026-01-01 10:00:00+09', '2026-03-20 10:00:00+09');


-- ============================================================
-- 24. notices (공지사항) — 3개
-- ============================================================
-- CHECK 제약조건 예상값:
--   target: '전체', '보호자', '유치원'
--   visibility: '공개', '비공개'

INSERT INTO notices (id, title, target, is_pinned, visibility, content, attachment_urls, view_count, push_sent, created_at, updated_at)
VALUES
('x0000001-0000-0000-0000-000000000001', '우유펫 서비스 오픈 안내', '전체', true, '공개', '안녕하세요, 우유펫입니다.\n\n드디어 우유펫 반려동물 돌봄 서비스가 정식 오픈하였습니다!\n\n안전하고 믿을 수 있는 돌봄 서비스를 경험해보세요.\n\n감사합니다.', NULL, 156, true, '2026-03-01 09:00:00+09', '2026-03-01 09:00:00+09'),
('x0000001-0000-0000-0000-000000000002', '유치원 파트너 교육 이수 안내', '유치원', false, '공개', '유치원 파트너 여러분께 안내드립니다.\n\n모든 파트너는 교육 이수를 완료해야 돌봄 서비스를 제공할 수 있습니다.\n\n교육관리 메뉴에서 교육을 진행해주세요.', NULL, 45, true, '2026-03-10 10:00:00+09', '2026-03-10 10:00:00+09'),
('x0000001-0000-0000-0000-000000000003', '시스템 점검 안내 (3/30)', '전체', true, '공개', '3월 30일(일) 02:00~06:00 시스템 점검이 예정되어 있습니다.\n\n점검 시간 동안 서비스 이용이 제한될 수 있습니다.\n\n양해 부탁드립니다.', NULL, 89, false, '2026-03-25 14:00:00+09', '2026-03-25 14:00:00+09');


-- ============================================================
-- 25. faqs (FAQ) — 5개
-- ============================================================
-- CHECK 제약조건 예상값:
--   category: '결제', '돌봄', '환불', '회원', '유치원'
--   target: '전체', '보호자', '유치원'
--   visibility: '공개', '비공개'

INSERT INTO faqs (id, category, question, answer, target, display_order, visibility, created_at, updated_at)
VALUES
('y0000001-0000-0000-0000-000000000001', '결제', '결제는 어떤 수단으로 가능한가요?', '현재 신용카드, 체크카드, 간편결제(카카오페이, 네이버페이)를 지원합니다.', '전체', 1, '공개', '2026-01-15 10:00:00+09', '2026-01-15 10:00:00+09'),
('y0000001-0000-0000-0000-000000000002', '환불', '예약 취소 시 환불 규정은 어떻게 되나요?', '등원 72시간 이상 전: 전액 환불\n등원 24~72시간 전: 50% 환불\n등원 24시간 미만: 환불 불가\n※ 결제 후 1시간 이내 취소 시 전액 환불 (단, 등원까지 24시간 이하인 경우 제외)', '전체', 1, '공개', '2026-01-15 10:00:00+09', '2026-03-01 10:00:00+09'),
('y0000001-0000-0000-0000-000000000003', '돌봄', '돌봄 중 반려동물에게 문제가 생기면 어떻게 하나요?', '유치원 파트너는 돌봄 중 이상 증상 발견 시 즉시 보호자에게 연락하고, 필요시 가까운 동물병원에 내원합니다. 모든 비용은 사후 협의합니다.', '보호자', 1, '공개', '2026-02-01 10:00:00+09', '2026-02-01 10:00:00+09'),
('y0000001-0000-0000-0000-000000000004', '유치원', '유치원 파트너가 되려면 어떤 조건이 필요한가요?', '1. 주소 인증 완료\n2. 교육 이수 완료 (모든 교육 주제)\n3. 체크리스트 확인 완료\n4. 파트너 활동 서약서 동의\n5. 정산정보 등록 완료 (이니시스 서브몰)', '유치원', 1, '공개', '2026-02-01 10:00:00+09', '2026-02-01 10:00:00+09'),
('y0000001-0000-0000-0000-000000000005', '회원', '회원 탈퇴는 어떻게 하나요?', '앱 > 설정 > 계정관리 > 회원탈퇴에서 진행할 수 있습니다.\n※ 진행 중인 예약이 있는 경우 탈퇴가 제한됩니다.', '전체', 1, '공개', '2026-02-10 10:00:00+09', '2026-02-10 10:00:00+09');


-- ============================================================
-- 26. terms (약관) — 4개
-- ============================================================
-- CHECK 제약조건 예상값:
--   visibility: '공개', '비공개'

INSERT INTO terms (id, title, is_required, current_version, effective_date, visibility, content, created_at, updated_at)
VALUES
('z0000001-0000-0000-0000-000000000001', '서비스 이용약관', true, 'v1.0', '2026-01-01', '공개', '제1조 (목적)\n본 약관은 우유펫(이하 "회사")이 제공하는 반려동물 돌봄 중개 서비스의 이용조건 및 절차에 관한 사항을 규정함을 목적으로 합니다.\n\n제2조 (정의)\n1. "서비스"란 회사가 제공하는 반려동물 돌봄 중개 서비스를 말합니다.\n2. "회원"이란 본 약관에 동의하고 서비스에 가입한 자를 말합니다.', '2026-01-01 00:00:00+09', '2026-01-01 00:00:00+09'),
('z0000001-0000-0000-0000-000000000002', '개인정보 수집·이용 동의서', true, 'v1.0', '2026-01-01', '공개', '1. 수집 항목: 이름, 연락처, 주소, 반려동물 정보\n2. 수집 목적: 서비스 제공, 본인 확인, 돌봄 매칭\n3. 보유 기간: 회원 탈퇴 시까지 (법령에 따른 보존 기간 별도)', '2026-01-01 00:00:00+09', '2026-01-01 00:00:00+09'),
('z0000001-0000-0000-0000-000000000003', '위치기반서비스 이용 약관', true, 'v1.0', '2026-01-01', '공개', '제1조 (목적)\n본 약관은 회사가 제공하는 위치기반서비스에 대한 이용조건 및 절차를 규정합니다.\n\n제2조 (서비스 내용)\n회원의 위치 정보를 활용하여 인근 유치원 추천 서비스를 제공합니다.', '2026-01-01 00:00:00+09', '2026-01-01 00:00:00+09'),
('z0000001-0000-0000-0000-000000000004', '마케팅 정보 수신동의', false, 'v1.0', '2026-01-01', '공개', '이벤트, 프로모션, 신규 서비스 안내 등 마케팅 정보를 수신하는 것에 동의합니다.\n\n수신 채널: 앱 푸시 알림, SMS\n철회 방법: 앱 설정에서 언제든 철회 가능', '2026-01-01 00:00:00+09', '2026-01-01 00:00:00+09');


-- ============================================================
-- 27. term_versions (약관 버전 이력) — 4건
-- ============================================================
INSERT INTO term_versions (id, term_id, version_number, effective_date, end_date, change_reason, content, created_at)
VALUES
('za000001-0000-0000-0000-000000000001', 'z0000001-0000-0000-0000-000000000001', 'v1.0', '2026-01-01', NULL, '최초 작성', '(서비스 이용약관 v1.0 전문)', '2026-01-01 00:00:00+09'),
('za000001-0000-0000-0000-000000000002', 'z0000001-0000-0000-0000-000000000002', 'v1.0', '2026-01-01', NULL, '최초 작성', '(개인정보 수집·이용 동의서 v1.0 전문)', '2026-01-01 00:00:00+09'),
('za000001-0000-0000-0000-000000000003', 'z0000001-0000-0000-0000-000000000003', 'v1.0', '2026-01-01', NULL, '최초 작성', '(위치기반서비스 이용 약관 v1.0 전문)', '2026-01-01 00:00:00+09'),
('za000001-0000-0000-0000-000000000004', 'z0000001-0000-0000-0000-000000000004', 'v1.0', '2026-01-01', NULL, '최초 작성', '(마케팅 정보 수신동의 v1.0 전문)', '2026-01-01 00:00:00+09');


-- ============================================================
-- 28. member_term_agreements (회원 약관 동의) — M1, M2 기준
-- ============================================================
INSERT INTO member_term_agreements (id, member_id, term_title, is_required, is_agreed, agreed_at, created_at)
VALUES
-- M1 약관 동의
('zb000001-0000-0000-0000-000000000001', 'a0000001-0000-0000-0000-000000000001', '서비스 이용약관', true, true, '2026-01-10 09:00:00+09', '2026-01-10 09:00:00+09'),
('zb000001-0000-0000-0000-000000000002', 'a0000001-0000-0000-0000-000000000001', '개인정보 수집·이용 동의서', true, true, '2026-01-10 09:00:00+09', '2026-01-10 09:00:00+09'),
('zb000001-0000-0000-0000-000000000003', 'a0000001-0000-0000-0000-000000000001', '위치기반서비스 이용 약관', true, true, '2026-01-10 09:00:00+09', '2026-01-10 09:00:00+09'),
('zb000001-0000-0000-0000-000000000004', 'a0000001-0000-0000-0000-000000000001', '마케팅 정보 수신동의', false, false, NULL, '2026-01-10 09:00:00+09'),
-- M2 약관 동의
('zb000001-0000-0000-0000-000000000005', 'a0000001-0000-0000-0000-000000000002', '서비스 이용약관', true, true, '2026-01-18 14:00:00+09', '2026-01-18 14:00:00+09'),
('zb000001-0000-0000-0000-000000000006', 'a0000001-0000-0000-0000-000000000002', '개인정보 수집·이용 동의서', true, true, '2026-01-18 14:00:00+09', '2026-01-18 14:00:00+09'),
('zb000001-0000-0000-0000-000000000007', 'a0000001-0000-0000-0000-000000000002', '위치기반서비스 이용 약관', true, true, '2026-01-18 14:00:00+09', '2026-01-18 14:00:00+09'),
('zb000001-0000-0000-0000-000000000008', 'a0000001-0000-0000-0000-000000000002', '마케팅 정보 수신동의', false, true, '2026-01-18 14:00:00+09', '2026-01-18 14:00:00+09');


-- ============================================================
-- 29. admin_accounts (관리자 계정) — 3명
-- ============================================================
-- CHECK 제약조건 예상값:
--   role: '최고관리자', '일반관리자', '조회전용'
--   status: '활성', '비활성'
--   perm_*: '조회만', '조회+수정', '접근불가'

INSERT INTO admin_accounts (id, admin_login_id, password_hash, auth_user_id, name, phone, email, role, status, perm_members, perm_kindergartens, perm_pets, perm_reservations, perm_payments, perm_settlements, perm_chats, perm_reviews, perm_educations, perm_contents, perm_settings, last_login_at, created_at, updated_at)
VALUES
('aa000001-0000-0000-0000-000000000001', 'superadmin', '$2b$10$HASHED_PASSWORD_PLACEHOLDER_01', NULL, '최고관리자', '010-1111-0000', 'admin@wooyoopet.com', '최고관리자', '활성', '조회+수정', '조회+수정', '조회+수정', '조회+수정', '조회+수정', '조회+수정', '조회+수정', '조회+수정', '조회+수정', '조회+수정', '조회+수정', '2026-03-26 09:00:00+09', '2026-01-01 00:00:00+09', '2026-03-26 09:00:00+09'),

('aa000001-0000-0000-0000-000000000002', 'manager01', '$2b$10$HASHED_PASSWORD_PLACEHOLDER_02', NULL, '김관리', '010-2222-0000', 'manager01@wooyoopet.com', '일반관리자', '활성', '조회+수정', '조회+수정', '조회+수정', '조회+수정', '조회만', '조회만', '조회+수정', '조회+수정', '접근불가', '조회만', '접근불가', '2026-03-25 14:00:00+09', '2026-01-15 10:00:00+09', '2026-03-25 14:00:00+09'),

('aa000001-0000-0000-0000-000000000003', 'viewer01', '$2b$10$HASHED_PASSWORD_PLACEHOLDER_03', NULL, '이조회', '010-3333-0000', 'viewer01@wooyoopet.com', '조회전용', '비활성', '조회만', '조회만', '조회만', '조회만', '조회만', '조회만', '조회만', '조회만', '조회만', '조회만', '조회만', '2026-02-28 10:00:00+09', '2026-02-01 10:00:00+09', '2026-03-20 10:00:00+09');


-- ============================================================
-- 30. admin_login_logs (관리자 로그인 이력) — 5건
-- ============================================================
INSERT INTO admin_login_logs (id, admin_id, login_at, ip_address, result, created_at)
VALUES
('ab000001-0000-0000-0000-000000000001', 'aa000001-0000-0000-0000-000000000001', '2026-03-26 09:00:00+09', '192.168.1.100', '성공', '2026-03-26 09:00:00+09'),
('ab000001-0000-0000-0000-000000000002', 'aa000001-0000-0000-0000-000000000001', '2026-03-25 09:00:00+09', '192.168.1.100', '성공', '2026-03-25 09:00:00+09'),
('ab000001-0000-0000-0000-000000000003', 'aa000001-0000-0000-0000-000000000002', '2026-03-25 14:00:00+09', '10.0.0.50', '성공', '2026-03-25 14:00:00+09'),
('ab000001-0000-0000-0000-000000000004', 'aa000001-0000-0000-0000-000000000002', '2026-03-24 09:00:00+09', '10.0.0.50', '실패', '2026-03-24 09:00:00+09'),
('ab000001-0000-0000-0000-000000000005', 'aa000001-0000-0000-0000-000000000003', '2026-02-28 10:00:00+09', '172.16.0.1', '성공', '2026-02-28 10:00:00+09');


-- ============================================================
-- 31. feedbacks (의견/피드백) — 3건
-- ============================================================
-- CHECK 제약조건 예상값:
--   feedback_type: '의견제출', '탈퇴사유'
--   writer_type: '보호자', '유치원'

INSERT INTO feedbacks (id, member_id, feedback_type, writer_name, writer_nickname, writer_type, writer_phone, title, content, image_urls, withdrawal_category, withdrawal_detail, withdrawn_at, is_confirmed, confirmed_at, admin_memo, written_at, created_at, updated_at)
VALUES
-- FB1: 의견제출 (미확인)
('ac000001-0000-0000-0000-000000000001', 'a0000001-0000-0000-0000-000000000002', '의견제출', '이서연', '우리집뽀미맘', '보호자', '010-2345-6789', '산책 서비스 개선 요청', '산책 서비스에서 사진 리포트를 보내주시면 좋겠습니다. 산책 중 강아지 사진을 보고 싶어요.', NULL, NULL, NULL, NULL, false, NULL, NULL, '2026-03-20 10:00:00+09', '2026-03-20 10:00:00+09', '2026-03-20 10:00:00+09'),

-- FB2: 의견제출 (확인 완료)
('ac000001-0000-0000-0000-000000000002', 'a0000001-0000-0000-0000-000000000001', '의견제출', '김민수', '행복한댕댕이아빠', '보호자', '010-1234-5678', '결제 수단 추가 요청', '토스페이도 결제 수단에 추가해주세요!', NULL, NULL, NULL, NULL, true, '2026-03-22 10:00:00+09', '검토 후 추후 반영 예정', '2026-03-18 15:00:00+09', '2026-03-18 15:00:00+09', '2026-03-22 10:00:00+09'),

-- FB3: 탈퇴사유
('ac000001-0000-0000-0000-000000000003', 'a0000001-0000-0000-0000-000000000008', '탈퇴사유', '임수빈', '탈퇴한사용자', '보호자', '010-8901-2345', NULL, NULL, NULL, '서비스 불만족', '유치원 선택지가 너무 적어서 이용이 불편했습니다.', '2026-03-15 10:00:00+09', true, '2026-03-16 09:00:00+09', '서비스 영역 확대 필요', '2026-03-15 10:00:00+09', '2026-03-15 10:00:00+09', '2026-03-16 09:00:00+09');


-- ============================================================
-- 32. noshow_records (노쇼 기록) — 2건
-- ============================================================
-- CHECK 제약조건 예상값:
--   role: '보호자', '유치원'
--   appeal_status: '미소명', '소명접수', '소명인정', '소명거부'

INSERT INTO noshow_records (id, member_id, reservation_id, counterpart_name, role, sanction_type, appeal_status, appeal_content, appeal_doc_urls, occurred_at, created_at)
VALUES
-- NS1: M7의 1회차 노쇼 (과거 — 소명거부)
('ad000001-0000-0000-0000-000000000001', 'a0000001-0000-0000-0000-000000000007', NULL, '밤톨이네', '보호자', '7일 예약제한', '소명거부', '교통 사고로 인해 등원하지 못했습니다.', ARRAY['https://storage.example.com/appeal/ns1_doc.jpg'], '2026-02-20 09:30:00+09', '2026-02-20 09:30:00+09'),

-- NS2: M10의 노쇼 (R7 — 미소명)
('ad000001-0000-0000-0000-000000000002', 'a0000001-0000-0000-0000-000000000010', 'd0000001-0000-0000-0000-000000000007', '해피독하우스', '보호자', '7일 예약제한', '미소명', NULL, NULL, '2026-03-20 09:30:00+09', '2026-03-20 09:30:00+09');


-- ============================================================
-- 33. member_blocks (차단 이력) — 1건
-- ============================================================
INSERT INTO member_blocks (id, blocker_id, blocked_id, blocked_at, unblocked_at)
VALUES
('ae000001-0000-0000-0000-000000000001', 'a0000001-0000-0000-0000-000000000010', 'a0000001-0000-0000-0000-000000000004', '2026-03-21 11:00:00+09', NULL);


-- ============================================================
-- 34. member_status_logs (회원 상태 변경 이력) — 3건
-- ============================================================
INSERT INTO member_status_logs (id, member_id, prev_status, new_status, changed_by, note, created_at)
VALUES
('af000001-0000-0000-0000-000000000001', 'a0000001-0000-0000-0000-000000000007', '정상', '이용정지', '시스템(자동)', '노쇼 2회 — 1개월 예약제한', '2026-03-10 00:00:00+09'),
('af000001-0000-0000-0000-000000000002', 'a0000001-0000-0000-0000-000000000008', '정상', '탈퇴', '임수빈', '서비스 불만족', '2026-03-15 10:00:00+09'),
('af000001-0000-0000-0000-000000000003', 'a0000001-0000-0000-0000-000000000010', '정상', '정상', '시스템(자동)', '노쇼 1회 — 7일 예약제한', '2026-03-20 09:30:00+09');


-- ============================================================
-- 35. kindergarten_status_logs (유치원 상태 변경 이력) — 2건
-- ============================================================
INSERT INTO kindergarten_status_logs (id, kindergarten_id, changed_field, prev_value, new_value, changed_by, note, created_at)
VALUES
('ag000001-0000-0000-0000-000000000001', 'b0000001-0000-0000-0000-000000000001', '이니시스 서브몰', '등록요청중', '등록완료', '시스템(자동)', '이니시스 서브몰 등록 완료', '2026-01-10 14:00:00+09'),
('ag000001-0000-0000-0000-000000000002', 'b0000001-0000-0000-0000-000000000001', '신선도', '100.0', '135.0', '시스템(자동)', '돌봄 완료 및 긍정 후기로 신선도 상승', '2026-03-06 10:00:00+09');


-- ============================================================
-- 36. reservation_status_logs (예약 상태 변경 이력) — 5건
-- ============================================================
INSERT INTO reservation_status_logs (id, reservation_id, prev_status, new_status, changed_by, note, created_at)
VALUES
('ah000001-0000-0000-0000-000000000001', 'd0000001-0000-0000-0000-000000000001', '수락대기', '예약확정', '밤톨이네', NULL, '2026-03-01 10:00:00+09'),
('ah000001-0000-0000-0000-000000000002', 'd0000001-0000-0000-0000-000000000001', '예약확정', '돌봄진행중', '시스템(자동)', '등원 확인', '2026-03-05 09:10:00+09'),
('ah000001-0000-0000-0000-000000000003', 'd0000001-0000-0000-0000-000000000001', '돌봄진행중', '돌봄완료', '시스템(자동)', '하원 확인 완료', '2026-03-05 18:30:00+09'),
('ah000001-0000-0000-0000-000000000004', 'd0000001-0000-0000-0000-000000000004', '수락대기', '보호자취소', '이서연', '개인 일정 변경', '2026-02-22 09:00:00+09'),
('ah000001-0000-0000-0000-000000000005', 'd0000001-0000-0000-0000-000000000007', '수락대기', '노쇼', '시스템(자동)', '등원시간 30분 경과, 연락 없음', '2026-03-20 09:30:00+09');


-- ============================================================
-- 37. settlement_info_logs (정산정보 처리 이력) — 2건
-- ============================================================
INSERT INTO settlement_info_logs (id, settlement_info_id, prev_status, new_status, processor, note, created_at)
VALUES
('ai000001-0000-0000-0000-000000000001', 'g0000001-0000-0000-0000-000000000001', '등록요청중', '등록완료', '시스템(자동)', '이니시스 서브몰 등록 성공', '2026-01-10 14:00:00+09'),
('ai000001-0000-0000-0000-000000000002', 'g0000001-0000-0000-0000-000000000002', '등록요청중', '등록완료', '시스템(자동)', '이니시스 서브몰 등록 성공', '2026-02-07 15:00:00+09');


-- ============================================================
-- 38. setting_change_logs (설정 변경 이력) — 2건
-- ============================================================
INSERT INTO setting_change_logs (id, category, setting_key, prev_value, new_value, change_reason, changed_by, created_at)
VALUES
('aj000001-0000-0000-0000-000000000001', '수수료 설정', 'default_commission_rate', NULL, '20', '초기 설정', '최고관리자', '2026-01-01 00:00:00+09'),
('aj000001-0000-0000-0000-000000000002', '환불 규정 설정', 'refund_rule_1_rate', NULL, '100', '초기 설정 — 72시간 이상 전 취소 전액 환불', '최고관리자', '2026-01-01 00:00:00+09');


-- ============================================================
-- 39. audit_logs (감사 로그) — 5건
-- ============================================================
INSERT INTO audit_logs (id, admin_id, admin_name, action, target_type, target_id, detail, ip_address, created_at)
VALUES
('ak000001-0000-0000-0000-000000000001', 'aa000001-0000-0000-0000-000000000001', '최고관리자', '로그인', NULL, NULL, '{"result": "성공"}', '192.168.1.100', '2026-03-26 09:00:00+09'),
('ak000001-0000-0000-0000-000000000002', 'aa000001-0000-0000-0000-000000000001', '최고관리자', '마스킹 전체보기', 'members', 'a0000001-0000-0000-0000-000000000002', '{"field": "phone", "member_name": "이서연"}', '192.168.1.100', '2026-03-25 15:00:00+09'),
('ak000001-0000-0000-0000-000000000003', 'aa000001-0000-0000-0000-000000000001', '최고관리자', '신고 처리완료', 'reports', 'l0000001-0000-0000-0000-000000000002', '{"sanction": "경고", "target": "윤채린"}', '192.168.1.100', '2026-03-22 14:00:00+09'),
('ak000001-0000-0000-0000-000000000004', 'aa000001-0000-0000-0000-000000000002', '김관리', '후기 숨김 처리', 'guardian_reviews', 'n0000001-0000-0000-0000-000000000003', '{"reason": "부적절한 비방성 내용 포함"}', '10.0.0.50', '2026-03-22 15:00:00+09'),
('ak000001-0000-0000-0000-000000000005', 'aa000001-0000-0000-0000-000000000001', '최고관리자', '정산완료 처리', 'settlements', 'h0000001-0000-0000-0000-000000000001', '{"amount": 44000, "kindergarten": "밤톨이네"}', '192.168.1.100', '2026-03-10 10:00:00+09');


-- ============================================================
-- 40. app_settings 추가 설정값 (기존 데이터에 추가)
-- ============================================================
-- app_settings에는 이미 데이터가 있으므로, 없는 키만 삽입

INSERT INTO app_settings (id, category, setting_key, setting_value, description, created_at, updated_at)
VALUES
-- 수수료 설정
('2c1b6761-bf97-44d7-8044-000000000010', '수수료 설정', 'default_commission_rate', '20', '기본 수수료율 (%)', NOW(), NOW()),
-- 환불 규정 설정
('2c1b6761-bf97-44d7-8044-000000000011', '환불 규정 설정', 'refund_rule_72h_rate', '100', '72시간 이상 전 취소 환불 비율 (%)', NOW(), NOW()),
('2c1b6761-bf97-44d7-8044-000000000012', '환불 규정 설정', 'refund_rule_24_72h_rate', '50', '24~72시간 전 취소 환불 비율 (%)', NOW(), NOW()),
('2c1b6761-bf97-44d7-8044-000000000013', '환불 규정 설정', 'refund_rule_under_24h_rate', '0', '24시간 미만 전 취소 환불 비율 (%)', NOW(), NOW()),
('2c1b6761-bf97-44d7-8044-000000000014', '환불 규정 설정', 'refund_rule_1h_grace_rate', '100', '결제 후 1시간 이내 취소 환불 비율 (%)', NOW(), NOW()),
('2c1b6761-bf97-44d7-8044-000000000015', '환불 규정 설정', 'refund_rule_1h_grace_exclude', '24', '1시간 이내 취소 규정 제외 조건 — 등원까지 남은 시간 (시간)', NOW(), NOW()),
-- 노쇼 제재 설정
('2c1b6761-bf97-44d7-8044-000000000016', '노쇼 제재 설정', 'guardian_noshow_1', '7일간 돌봄예약 제한', '보호자 1회 노쇼 제재', NOW(), NOW()),
('2c1b6761-bf97-44d7-8044-000000000017', '노쇼 제재 설정', 'guardian_noshow_2', '1개월간 돌봄예약 제한', '보호자 2회 노쇼 제재', NOW(), NOW()),
('2c1b6761-bf97-44d7-8044-000000000018', '노쇼 제재 설정', 'guardian_noshow_3', '영구 이용 정지 및 회원 탈퇴', '보호자 3회 이상 노쇼 제재', NOW(), NOW()),
('2c1b6761-bf97-44d7-8044-000000000019', '노쇼 제재 설정', 'kg_noshow_1', '경고 조치 및 신선도 하향 조정', '유치원 1회 노쇼 제재', NOW(), NOW()),
('2c1b6761-bf97-44d7-8044-000000000020', '노쇼 제재 설정', 'kg_noshow_2', '영구 이용 정지 및 파트너 자격 박탈', '유치원 2회 이상 노쇼 제재', NOW(), NOW()),
-- 자동 처리 설정
('2c1b6761-bf97-44d7-8044-000000000021', '자동 처리 설정', 'auto_complete_hours', '24', '하원 후 자동 완료 시간 (시간)', NOW(), NOW())
ON CONFLICT (id) DO NOTHING;


-- ============================================================
-- 완료 메시지
-- ============================================================
-- 삽입된 테스트 데이터 요약:
--   members:                    10명 (보호자 7 + 유치원 운영자 3)
--   kindergartens:              3곳
--   pets:                       7마리
--   kindergarten_resident_pets: 1건
--   reservations:               8건 (완료2, 확정1, 대기1, 진행중1, 취소1, 거절1, 노쇼1)
--   payments:                   7건
--   refunds:                    2건 (완료1, 대기1)
--   settlement_infos:           2건
--   settlements:                4건 (완료2, 예정1, 보류1)
--   chat_rooms:                 3개
--   chat_messages:              10건
--   chat_room_reservations:     3건
--   reports:                    2건 (처리중1, 완료1)
--   report_logs:                3건
--   guardian_reviews:            3건
--   kindergarten_reviews:        2건
--   education_topics:            3개
--   education_quizzes:           3문항
--   checklists:                  2개 (v1, v2)
--   checklist_items:             5개
--   pledges:                     1개
--   pledge_items:                3개
--   education_completions:       3건 (완료1, 진행중1, 미시작1)
--   banners:                     3개
--   notices:                     3개
--   faqs:                        5개
--   terms:                       4개
--   term_versions:               4건
--   member_term_agreements:      8건
--   admin_accounts:              3명
--   admin_login_logs:            5건
--   feedbacks:                   3건
--   noshow_records:              2건
--   member_blocks:               1건
--   member_status_logs:          3건
--   kindergarten_status_logs:    2건
--   reservation_status_logs:     5건
--   settlement_info_logs:        2건
--   setting_change_logs:         2건
--   audit_logs:                  5건
--   app_settings:                12건 (추가분)
-- ============================================================
-- 총 41개 테이블 중 39개 테이블에 데이터 삽입 완료
-- (app_settings는 기존 데이터에 추가, education_topics의 비공개 항목 포함)
