-- ============================================================
-- SQL 10-A: 테스트 데이터 삽입 (핵심 테이블)
-- 실행 환경: Supabase SQL Editor
-- 작성일: 2026-03-26
-- UUID 형식 수정 버전 (hex only: 0-9, a-f)
-- ============================================================
-- 삽입 순서 (FK 의존성):
--   1) members → 2) kindergartens → 3) pets
--   → 4) reservations → 5) payments → 6) refunds
--   → 7) settlement_infos → 8) settlements
-- ============================================================
-- UUID ID 규칙:
--   members:         a0000001-0000-0000-0000-000000000001 ~ 010
--   kindergartens:    b0000001-0000-0000-0000-000000000001 ~ 005
--   pets:             c0000001-0000-0000-0000-000000000001 ~ 015
--   reservations:     d0000001-0000-0000-0000-000000000001 ~ 020
--   payments:         e0000001-0000-0000-0000-000000000001 ~ 020
--   refunds:          f0000001-0000-0000-0000-000000000001 ~ 005
--   settlement_infos: a1000001-0000-0000-0000-000000000001 ~ 005
--   settlements:      a2000001-0000-0000-0000-000000000001 ~ 015
-- ============================================================


-- ============================================================
-- 1. members (10명)
-- ============================================================
-- 정상 7 / 이용정지 1 / 탈퇴 1 / 미인증 1

INSERT INTO members (id, name, nickname, nickname_tag, profile_image, birth_date, gender, carrier, phone, current_mode, status, identity_verified, identity_method, identity_verified_at, identity_carrier, address_road, address_complex, address_building_dong, address_building_ho, address_auth_status, address_auth_date, address_doc_urls, noshow_count, created_at) VALUES
-- 보호자 7명 (정상)
('a0000001-0000-0000-0000-000000000001', '김민지', '민지맘', '#1234', 'https://picsum.photos/seed/m1/200', '1990-03-15', '여성', 'SKT', '010-1234-5678', '보호자', '정상', true, 'PASS', '2026-01-10 10:00:00', 'SKT', '서울시 강남구 테헤란로 123', '래미안아파트', '101', '1504', '인증완료', '2026-01-10', '{}', 0, '2026-01-10 10:00:00'),
('a0000002-0000-0000-0000-000000000002', '이서연', '서연이네', '#5678', 'https://picsum.photos/seed/m2/200', '1988-07-22', '여성', 'KT', '010-2345-6789', '보호자', '정상', true, 'PASS', '2026-01-11 11:00:00', 'KT', '서울시 서초구 반포대로 45', '반포자이', '203', '802', '인증완료', '2026-01-11', '{}', 0, '2026-01-11 11:00:00'),
('a0000003-0000-0000-0000-000000000003', '박지훈', '지훈파파', '#9012', 'https://picsum.photos/seed/m3/200', '1985-11-08', '남성', 'LGU+', '010-3456-7890', '보호자', '정상', true, 'PASS', '2026-01-12 09:30:00', 'LGU+', '서울시 송파구 올림픽로 300', '파크리오', '105', '2301', '인증완료', '2026-01-12', '{}', 1, '2026-01-12 09:30:00'),
('a0000004-0000-0000-0000-000000000004', '최수아', '수아엄마', '#3456', 'https://picsum.photos/seed/m4/200', '1992-05-20', '여성', 'SKT', '010-4567-8901', '보호자', '정상', true, 'PASS', '2026-01-15 14:00:00', 'SKT', '서울시 마포구 월드컵북로 396', '래미안월드컵', '302', '1201', '인증완료', '2026-01-15', '{}', 0, '2026-01-15 14:00:00'),
('a0000005-0000-0000-0000-000000000005', '정현우', '현우아빠', '#7890', 'https://picsum.photos/seed/m5/200', '1987-09-12', '남성', 'KT', '010-5678-9012', '보호자', '정상', true, 'PASS', '2026-01-18 10:30:00', 'KT', '서울시 영등포구 여의대로 108', '여의도자이', '501', '3302', '인증완료', '2026-01-18', '{}', 0, '2026-01-18 10:30:00'),
('a0000006-0000-0000-0000-000000000006', '한예린', '예린이맘', '#2345', 'https://picsum.photos/seed/m6/200', '1993-01-25', '여성', 'LGU+', '010-6789-0123', '보호자', '정상', true, 'PASS', '2026-01-20 16:00:00', 'LGU+', '서울시 강동구 천호대로 1005', '래미안강동', '202', '901', '인증완료', '2026-01-20', '{}', 2, '2026-01-20 16:00:00'),
('a0000007-0000-0000-0000-000000000007', '윤도현', '도현파파', '#6789', 'https://picsum.photos/seed/m7/200', '1986-04-30', '남성', 'SKT', '010-7890-1234', '보호자', '정상', true, 'PASS', '2026-01-22 11:00:00', 'SKT', '경기도 성남시 분당구 판교역로 235', '알파돔시티', '1', '1102', '인증완료', '2026-01-22', '{}', 0, '2026-01-22 11:00:00'),
-- 이용정지 1명
('a0000008-0000-0000-0000-000000000008', '강하늘', '하늘이맘', '#0123', 'https://picsum.photos/seed/m8/200', '1991-08-17', '여성', 'KT', '010-8901-2345', '보호자', '이용정지', true, 'PASS', '2026-01-08 09:00:00', 'KT', '서울시 노원구 동일로 1341', '노원롯데캐슬', '103', '604', '인증완료', '2026-01-08', '{}', 3, '2026-01-08 09:00:00'),
-- 탈퇴 1명
('a0000009-0000-0000-0000-000000000009', '임수진', '수진이네', '#4567', NULL, '1989-12-03', '여성', 'LGU+', '010-9012-3456', '보호자', '탈퇴', true, 'PASS', '2026-01-05 10:00:00', 'LGU+', '서울시 중구 을지로 100', '', '', '', '인증완료', '2026-01-05', '{}', 0, '2026-01-05 10:00:00'),
-- 미인증 1명
('a0000010-0000-0000-0000-000000000010', '오지민', '지민이네', '#8901', NULL, '1994-06-18', '여성', 'SKT', '010-0123-4567', '보호자', '정상', false, NULL, NULL, NULL, NULL, NULL, NULL, NULL, '미인증', NULL, NULL, 0, '2026-02-01 08:00:00');


-- ============================================================
-- 2. kindergartens (5곳)
-- ============================================================
-- 영업중 4 / 방학중 1

INSERT INTO kindergartens (id, member_id, name, description, photo_urls, business_status, address_road, address_jibun, address_complex, address_building_dong, address_building_ho, address_auth_status, address_auth_date, address_doc_urls, freshness_current, freshness_initial, price_small_1h, price_small_24h, price_small_walk, price_small_pickup, price_medium_1h, price_medium_24h, price_medium_walk, price_medium_pickup, price_large_1h, price_large_24h, price_large_walk, price_large_pickup, settlement_status, inicis_status, inicis_submall_code, seller_id, noshow_count, noshow_sanction, created_at) VALUES
('b0000001-0000-0000-0000-000000000001', 'a0000001-0000-0000-0000-000000000001', '해피독 유치원', '강남 최고의 반려동물 유치원입니다. 넓은 운동장과 전문 트레이너가 있습니다.', '{"https://picsum.photos/seed/k1a/400","https://picsum.photos/seed/k1b/400","https://picsum.photos/seed/k1c/400"}', '영업중', '서울시 강남구 역삼로 123', '서울시 강남구 역삼동 456-7', '역삼타워', '1', '101', '인증완료', '2026-01-15', '{}', 92.5, 92.5, 15000, 80000, 10000, 5000, 18000, 95000, 12000, 7000, 22000, 120000, 15000, 10000, '정산등록완료', '완료', 'SM-001', 'SEL-001', 0, NULL, '2026-01-12 10:00:00'),
('b0000002-0000-0000-0000-000000000002', 'a0000002-0000-0000-0000-000000000002', '멍멍랜드', '서초구 반포동에 위치한 프리미엄 반려견 유치원입니다.', '{"https://picsum.photos/seed/k2a/400","https://picsum.photos/seed/k2b/400"}', '영업중', '서울시 서초구 반포대로 200', '서울시 서초구 반포동 123-4', '반포센트럴', '', '', '인증완료', '2026-01-18', '{}', 88.0, 88.0, 12000, 65000, 8000, 4000, 15000, 80000, 10000, 6000, 18000, 100000, 12000, 8000, '정산등록완료', '완료', 'SM-002', 'SEL-002', 1, NULL, '2026-01-15 14:00:00'),
('b0000003-0000-0000-0000-000000000003', 'a0000003-0000-0000-0000-000000000003', '퍼피하우스', '송파구 잠실에 위치, 소형견 전문 유치원입니다.', '{"https://picsum.photos/seed/k3a/400"}', '영업중', '서울시 송파구 올림픽로 400', '서울시 송파구 잠실동 200-1', '잠실엘스', '201', '102', '인증완료', '2026-01-20', '{}', 95.0, 95.0, 10000, 55000, 7000, 3000, 13000, 70000, 9000, 5000, 16000, 85000, 11000, 7000, '정산등록완료', '완료', 'SM-003', 'SEL-003', 0, NULL, '2026-01-18 09:00:00'),
('b0000004-0000-0000-0000-000000000004', 'a0000004-0000-0000-0000-000000000004', '도그빌리지', '마포구 상암동 위치, 현재 리모델링 중입니다.', '{"https://picsum.photos/seed/k4a/400"}', '방학중', '서울시 마포구 월드컵북로 500', '서울시 마포구 상암동 300-5', '', '', '', '인증완료', '2026-01-25', '{}', 70.0, 85.0, 11000, 60000, 8000, 4000, 14000, 75000, 10000, 6000, 17000, 90000, 12000, 8000, '미등록', '미등록', NULL, NULL, 0, NULL, '2026-01-22 11:00:00'),
('b0000005-0000-0000-0000-000000000005', 'a0000005-0000-0000-0000-000000000005', '왈왈케어', '영등포구 여의도 위치, 운영 정지 상태입니다.', '{"https://picsum.photos/seed/k5a/400"}', '영업중', '서울시 영등포구 여의대로 200', '서울시 영등포구 여의도동 50-3', '여의도파크', '1', '201', '인증완료', '2026-01-10', '{}', 45.0, 80.0, 13000, 70000, 9000, 5000, 16000, 85000, 11000, 7000, 20000, 110000, 14000, 9000, '정산등록완료', '실패', 'SM-005', 'SEL-005', 3, '활동정지', '2026-01-28 15:00:00');


-- ============================================================
-- 3. pets (15마리)
-- ============================================================
-- 보호자 반려동물 11 + 상주견 4

INSERT INTO pets (id, member_id, kindergarten_id, name, breed, size, birth_date, gender, is_neutered, weight, photo_urls, personality, health_notes, vaccination_urls, is_resident, status, created_at) VALUES
('c0000001-0000-0000-0000-000000000001', 'a0000001-0000-0000-0000-000000000001', NULL, '초코', '푸들', '소형', '2022-03-10', '남', true, 4.2, '{"https://picsum.photos/seed/p1/300"}', '활발하고 사교적', '슬개골 주의', '{"https://picsum.photos/seed/v1/200"}', false, '활성', '2026-01-10 10:30:00'),
('c0000002-0000-0000-0000-000000000002', 'a0000001-0000-0000-0000-000000000001', NULL, '모카', '말티즈', '소형', '2023-06-15', '여', true, 3.1, '{"https://picsum.photos/seed/p2/300"}', '조용하고 순한 편', NULL, '{"https://picsum.photos/seed/v2/200"}', false, '활성', '2026-01-10 10:35:00'),
('c0000003-0000-0000-0000-000000000003', 'a0000002-0000-0000-0000-000000000002', NULL, '뽀삐', '비숑프리제', '소형', '2021-11-20', '여', true, 5.5, '{"https://picsum.photos/seed/p3/300"}', '애교 많음', NULL, '{"https://picsum.photos/seed/v3/200"}', false, '활성', '2026-01-11 11:30:00'),
('c0000004-0000-0000-0000-000000000004', 'a0000003-0000-0000-0000-000000000003', NULL, '바둑이', '시바이누', '중형', '2020-08-05', '남', false, 11.3, '{"https://picsum.photos/seed/p4/300"}', '고집 있지만 충성스러움', '피부 알러지', '{"https://picsum.photos/seed/v4/200"}', false, '활성', '2026-01-12 10:00:00'),
('c0000005-0000-0000-0000-000000000005', 'a0000003-0000-0000-0000-000000000003', NULL, '콩이', '코카스파니엘', '중형', '2022-01-30', '여', true, 9.8, '{"https://picsum.photos/seed/p5/300"}', '온순하고 다정함', NULL, '{"https://picsum.photos/seed/v5/200"}', false, '활성', '2026-01-12 10:05:00'),
('c0000006-0000-0000-0000-000000000006', 'a0000004-0000-0000-0000-000000000004', NULL, '루이', '포메라니안', '소형', '2023-04-12', '남', true, 2.8, '{"https://picsum.photos/seed/p6/300"}', '활발하고 짖음 있음', NULL, '{"https://picsum.photos/seed/v6/200"}', false, '활성', '2026-01-15 14:30:00'),
('c0000007-0000-0000-0000-000000000007', 'a0000005-0000-0000-0000-000000000005', NULL, '해피', '골든리트리버', '대형', '2019-12-25', '남', true, 32.0, '{"https://picsum.photos/seed/p7/300"}', '온순하고 사람을 좋아함', '관절 영양제 복용 중', '{"https://picsum.photos/seed/v7/200"}', false, '활성', '2026-01-18 11:00:00'),
('c0000008-0000-0000-0000-000000000008', 'a0000005-0000-0000-0000-000000000005', NULL, '럭키', '래브라도', '대형', '2021-07-14', '여', true, 28.5, '{"https://picsum.photos/seed/p8/300"}', '점잖고 얌전함', NULL, '{"https://picsum.photos/seed/v8/200"}', false, '활성', '2026-01-18 11:05:00'),
('c0000009-0000-0000-0000-000000000009', 'a0000006-0000-0000-0000-000000000006', NULL, '두부', '웰시코기', '중형', '2022-09-01', '남', false, 12.5, '{"https://picsum.photos/seed/p9/300"}', '먹보, 간식 좋아함', NULL, '{"https://picsum.photos/seed/v9/200"}', false, '활성', '2026-01-20 16:30:00'),
('c0000010-0000-0000-0000-000000000010', 'a0000007-0000-0000-0000-000000000007', NULL, '별이', '요크셔테리어', '소형', '2023-02-14', '여', true, 2.3, '{"https://picsum.photos/seed/p10/300"}', '겁이 많지만 주인에게 충실', NULL, '{"https://picsum.photos/seed/v10/200"}', false, '활성', '2026-01-22 11:30:00'),
('c0000011-0000-0000-0000-000000000011', 'a0000006-0000-0000-0000-000000000006', NULL, '콩콩이', '치와와', '소형', '2024-01-05', '남', false, 1.8, '{"https://picsum.photos/seed/p11/300"}', '호기심 많고 활발', NULL, '{"https://picsum.photos/seed/v11/200"}', false, '활성', '2026-01-20 16:35:00'),
-- 상주견 (4마리)
('c0000012-0000-0000-0000-000000000012', NULL, 'b0000001-0000-0000-0000-000000000001', '쿠키', '비글', '중형', '2020-05-10', '여', true, 10.0, '{"https://picsum.photos/seed/p12/300"}', '친화력 좋음, 신규 반려견 안내역할', NULL, '{}', true, '활성', '2026-01-13 09:00:00'),
('c0000013-0000-0000-0000-000000000013', NULL, 'b0000001-0000-0000-0000-000000000001', '나비', '진돗개믹스', '대형', '2019-03-20', '여', true, 22.0, '{"https://picsum.photos/seed/p13/300"}', '점잖고 보호 본능 강함', NULL, '{}', true, '활성', '2026-01-13 09:05:00'),
('c0000014-0000-0000-0000-000000000014', NULL, 'b0000002-0000-0000-0000-000000000002', '뭉치', '슈나우저', '소형', '2021-10-10', '남', true, 6.5, '{"https://picsum.photos/seed/p14/300"}', '놀이 좋아하고 활발', NULL, '{}', true, '활성', '2026-01-16 10:00:00'),
('c0000015-0000-0000-0000-000000000015', NULL, 'b0000003-0000-0000-0000-000000000003', '달이', '닥스훈트', '소형', '2022-12-25', '여', true, 4.8, '{"https://picsum.photos/seed/p15/300"}', '느긋하고 사교적', NULL, '{}', true, '활성', '2026-01-19 09:00:00');


-- ============================================================
-- 4. reservations (20건)
-- ============================================================
-- 돌봄완료 11 / 돌봄진행중 1 / 예약확정 1 / 수락대기 3 / 보호자취소 1 / 유치원취소 1 / 유치원거절 1 / 노쇼 1

INSERT INTO reservations (id, member_id, kindergarten_id, pet_id, status, care_type, scheduled_date, check_in_time, check_out_time, actual_check_in, actual_check_out, pickup_requested, pickup_address, amount, memo, cancel_reason, cancelled_by, cancelled_at, reject_reason, noshow_type, created_at) VALUES
('d0000001-0000-0000-0000-000000000001', 'a0000001-0000-0000-0000-000000000001', 'b0000001-0000-0000-0000-000000000001', 'c0000001-0000-0000-0000-000000000001', '돌봄완료', '시간제', '2026-02-01', '09:00', '13:00', '2026-02-01 09:05:00', '2026-02-01 13:00:00', false, NULL, 60000, '초코 첫 등원입니다', NULL, NULL, NULL, NULL, NULL, '2026-01-25 10:00:00'),
('d0000002-0000-0000-0000-000000000002', 'a0000001-0000-0000-0000-000000000001', 'b0000001-0000-0000-0000-000000000001', 'c0000002-0000-0000-0000-000000000002', '돌봄완료', '시간제', '2026-02-01', '09:00', '13:00', '2026-02-01 09:05:00', '2026-02-01 13:00:00', false, NULL, 60000, '모카도 같이 등원', NULL, NULL, NULL, NULL, NULL, '2026-01-25 10:05:00'),
('d0000003-0000-0000-0000-000000000003', 'a0000002-0000-0000-0000-000000000002', 'b0000002-0000-0000-0000-000000000002', 'c0000003-0000-0000-0000-000000000003', '돌봄완료', '종일제', '2026-02-03', '08:00', '20:00', '2026-02-03 08:10:00', '2026-02-03 19:55:00', true, '서울시 서초구 반포대로 45 반포자이 203동 802호', 65000, NULL, NULL, NULL, NULL, NULL, NULL, '2026-01-28 14:00:00'),
('d0000004-0000-0000-0000-000000000004', 'a0000003-0000-0000-0000-000000000003', 'b0000003-0000-0000-0000-000000000003', 'c0000004-0000-0000-0000-000000000004', '돌봄완료', '시간제', '2026-02-05', '10:00', '15:00', '2026-02-05 10:00:00', '2026-02-05 15:10:00', false, NULL, 90000, '바둑이 산책 많이 시켜주세요', NULL, NULL, NULL, NULL, NULL, '2026-01-30 09:00:00'),
('d0000005-0000-0000-0000-000000000005', 'a0000003-0000-0000-0000-000000000003', 'b0000001-0000-0000-0000-000000000001', 'c0000005-0000-0000-0000-000000000005', '돌봄완료', '종일제', '2026-02-07', '08:00', '20:00', '2026-02-07 08:15:00', '2026-02-07 20:00:00', false, NULL, 95000, NULL, NULL, NULL, NULL, NULL, NULL, '2026-02-01 11:00:00'),
('d0000006-0000-0000-0000-000000000006', 'a0000004-0000-0000-0000-000000000004', 'b0000001-0000-0000-0000-000000000001', 'c0000006-0000-0000-0000-000000000006', '돌봄완료', '시간제', '2026-02-10', '09:00', '12:00', '2026-02-10 09:00:00', '2026-02-10 12:00:00', true, '서울시 마포구 월드컵북로 396 래미안월드컵 302동 1201호', 45000, '루이 픽업 부탁드려요', NULL, NULL, NULL, NULL, NULL, '2026-02-05 14:00:00'),
('d0000007-0000-0000-0000-000000000007', 'a0000005-0000-0000-0000-000000000005', 'b0000002-0000-0000-0000-000000000002', 'c0000007-0000-0000-0000-000000000007', '돌봄완료', '종일제', '2026-02-12', '08:00', '20:00', '2026-02-12 08:05:00', '2026-02-12 20:10:00', false, NULL, 120000, '해피 관절 약 챙겨주세요', NULL, NULL, NULL, NULL, NULL, '2026-02-06 10:00:00'),
('d0000008-0000-0000-0000-000000000008', 'a0000005-0000-0000-0000-000000000005', 'b0000002-0000-0000-0000-000000000002', 'c0000008-0000-0000-0000-000000000008', '돌봄완료', '시간제', '2026-02-14', '10:00', '16:00', '2026-02-14 10:05:00', '2026-02-14 16:00:00', false, NULL, 108000, NULL, NULL, NULL, NULL, NULL, NULL, '2026-02-08 15:00:00'),
('d0000009-0000-0000-0000-000000000009', 'a0000006-0000-0000-0000-000000000006', 'b0000003-0000-0000-0000-000000000003', 'c0000009-0000-0000-0000-000000000009', '돌봄완료', '시간제', '2026-02-15', '09:00', '14:00', '2026-02-15 09:10:00', '2026-02-15 14:00:00', false, NULL, 65000, '두부 간식 제한 부탁드려요', NULL, NULL, NULL, NULL, NULL, '2026-02-10 16:00:00'),
('d0000010-0000-0000-0000-000000000010', 'a0000007-0000-0000-0000-000000000007', 'b0000003-0000-0000-0000-000000000003', 'c0000010-0000-0000-0000-000000000010', '돌봄완료', '시간제', '2026-02-17', '10:00', '13:00', '2026-02-17 10:00:00', '2026-02-17 13:00:00', false, NULL, 30000, NULL, NULL, NULL, NULL, NULL, NULL, '2026-02-12 11:00:00'),
('d0000011-0000-0000-0000-000000000011', 'a0000001-0000-0000-0000-000000000001', 'b0000002-0000-0000-0000-000000000002', 'c0000001-0000-0000-0000-000000000001', '돌봄완료', '시간제', '2026-02-20', '09:00', '15:00', '2026-02-20 09:00:00', '2026-02-20 15:00:00', false, NULL, 72000, '다른 유치원도 체험', NULL, NULL, NULL, NULL, NULL, '2026-02-15 10:00:00'),
-- 돌봄중 1건
('d0000012-0000-0000-0000-000000000012', 'a0000002-0000-0000-0000-000000000002', 'b0000001-0000-0000-0000-000000000001', 'c0000003-0000-0000-0000-000000000003', '돌봄진행중', '종일제', '2026-03-26', '08:00', '20:00', '2026-03-26 08:10:00', NULL, false, NULL, 80000, NULL, NULL, NULL, NULL, NULL, NULL, '2026-03-20 14:00:00'),
-- 확정 1건
('d0000013-0000-0000-0000-000000000013', 'a0000004-0000-0000-0000-000000000004', 'b0000003-0000-0000-0000-000000000003', 'c0000006-0000-0000-0000-000000000006', '예약확정', '시간제', '2026-03-28', '10:00', '14:00', NULL, NULL, true, '서울시 마포구 월드컵북로 396 래미안월드컵 302동 1201호', 40000, '루이 픽업 요청', NULL, NULL, NULL, NULL, NULL, '2026-03-22 09:00:00'),
-- 대기 3건
('d0000014-0000-0000-0000-000000000014', 'a0000006-0000-0000-0000-000000000006', 'b0000001-0000-0000-0000-000000000001', 'c0000009-0000-0000-0000-000000000009', '수락대기', '시간제', '2026-04-01', '09:00', '13:00', NULL, NULL, false, NULL, 72000, NULL, NULL, NULL, NULL, NULL, NULL, '2026-03-25 10:00:00'),
('d0000015-0000-0000-0000-000000000015', 'a0000007-0000-0000-0000-000000000007', 'b0000002-0000-0000-0000-000000000002', 'c0000010-0000-0000-0000-000000000010', '수락대기', '종일제', '2026-04-02', '08:00', '20:00', NULL, NULL, false, NULL, 65000, NULL, NULL, NULL, NULL, NULL, NULL, '2026-03-25 11:00:00'),
('d0000016-0000-0000-0000-000000000016', 'a0000006-0000-0000-0000-000000000006', 'b0000003-0000-0000-0000-000000000003', 'c0000011-0000-0000-0000-000000000011', '수락대기', '시간제', '2026-04-03', '10:00', '15:00', NULL, NULL, false, NULL, 50000, '콩콩이 첫 등원', NULL, NULL, NULL, NULL, NULL, '2026-03-25 14:00:00'),
-- 취소 2건
('d0000017-0000-0000-0000-000000000017', 'a0000004-0000-0000-0000-000000000004', 'b0000002-0000-0000-0000-000000000002', 'c0000006-0000-0000-0000-000000000006', '보호자취소', '시간제', '2026-02-18', '09:00', '12:00', NULL, NULL, false, NULL, 36000, NULL, '개인 사정으로 취소합니다', '보호자', '2026-02-16 10:00:00', NULL, NULL, '2026-02-13 09:00:00'),
('d0000018-0000-0000-0000-000000000018', 'a0000007-0000-0000-0000-000000000007', 'b0000001-0000-0000-0000-000000000001', 'c0000010-0000-0000-0000-000000000010', '유치원취소', '시간제', '2026-02-22', '10:00', '14:00', NULL, NULL, false, NULL, 60000, NULL, '유치원 사정으로 취소', '유치원', '2026-02-20 15:00:00', NULL, NULL, '2026-02-17 14:00:00'),
-- 거절 1건
('d0000019-0000-0000-0000-000000000019', 'a0000006-0000-0000-0000-000000000006', 'b0000002-0000-0000-0000-000000000002', 'c0000009-0000-0000-0000-000000000009', '유치원거절', '종일제', '2026-02-25', '08:00', '20:00', NULL, NULL, false, NULL, 80000, NULL, NULL, NULL, NULL, '해당 일자 정원이 초과되었습니다', NULL, '2026-02-19 16:00:00'),
-- 노쇼 1건
('d0000020-0000-0000-0000-000000000020', 'a0000006-0000-0000-0000-000000000006', 'b0000001-0000-0000-0000-000000000001', 'c0000009-0000-0000-0000-000000000009', '노쇼', '시간제', '2026-02-28', '09:00', '13:00', NULL, NULL, false, NULL, 60000, NULL, NULL, NULL, NULL, NULL, '보호자', '2026-02-22 10:00:00');


-- ============================================================
-- 5. payments (20건)
-- ============================================================
-- 결제완료 17 / 취소완료 3

INSERT INTO payments (id, member_id, kindergarten_id, pet_id, reservation_id, pg_transaction_id, approval_number, inicis_submall_id, amount, payment_method, card_company, card_number_masked, status, paid_at, created_at) VALUES
('e0000001-0000-0000-0000-000000000001', 'a0000001-0000-0000-0000-000000000001', 'b0000001-0000-0000-0000-000000000001', 'c0000001-0000-0000-0000-000000000001', 'd0000001-0000-0000-0000-000000000001', 'PG-20260201-001', 'APR-001', 'SM-001', 60000, '카드', '삼성카드', '1234-****-****-5678', '결제완료', '2026-01-25 10:01:00', '2026-01-25 10:01:00'),
('e0000002-0000-0000-0000-000000000002', 'a0000001-0000-0000-0000-000000000001', 'b0000001-0000-0000-0000-000000000001', 'c0000002-0000-0000-0000-000000000002', 'd0000002-0000-0000-0000-000000000002', 'PG-20260201-002', 'APR-002', 'SM-001', 60000, '카드', '삼성카드', '1234-****-****-5678', '결제완료', '2026-01-25 10:06:00', '2026-01-25 10:06:00'),
('e0000003-0000-0000-0000-000000000003', 'a0000002-0000-0000-0000-000000000002', 'b0000002-0000-0000-0000-000000000002', 'c0000003-0000-0000-0000-000000000003', 'd0000003-0000-0000-0000-000000000003', 'PG-20260203-001', 'APR-003', 'SM-002', 65000, '카드', '현대카드', '5678-****-****-1234', '결제완료', '2026-01-28 14:01:00', '2026-01-28 14:01:00'),
('e0000004-0000-0000-0000-000000000004', 'a0000003-0000-0000-0000-000000000003', 'b0000003-0000-0000-0000-000000000003', 'c0000004-0000-0000-0000-000000000004', 'd0000004-0000-0000-0000-000000000004', 'PG-20260205-001', 'APR-004', 'SM-003', 90000, '카드', '국민카드', '9012-****-****-3456', '결제완료', '2026-01-30 09:01:00', '2026-01-30 09:01:00'),
('e0000005-0000-0000-0000-000000000005', 'a0000003-0000-0000-0000-000000000003', 'b0000001-0000-0000-0000-000000000001', 'c0000005-0000-0000-0000-000000000005', 'd0000005-0000-0000-0000-000000000005', 'PG-20260207-001', 'APR-005', 'SM-001', 95000, '카드', '신한카드', '3456-****-****-7890', '결제완료', '2026-02-01 11:01:00', '2026-02-01 11:01:00'),
('e0000006-0000-0000-0000-000000000006', 'a0000004-0000-0000-0000-000000000004', 'b0000001-0000-0000-0000-000000000001', 'c0000006-0000-0000-0000-000000000006', 'd0000006-0000-0000-0000-000000000006', 'PG-20260210-001', 'APR-006', 'SM-001', 45000, '카드', '롯데카드', '7890-****-****-1234', '결제완료', '2026-02-05 14:01:00', '2026-02-05 14:01:00'),
('e0000007-0000-0000-0000-000000000007', 'a0000005-0000-0000-0000-000000000005', 'b0000002-0000-0000-0000-000000000002', 'c0000007-0000-0000-0000-000000000007', 'd0000007-0000-0000-0000-000000000007', 'PG-20260212-001', 'APR-007', 'SM-002', 120000, '카드', '하나카드', '2345-****-****-6789', '결제완료', '2026-02-06 10:01:00', '2026-02-06 10:01:00'),
('e0000008-0000-0000-0000-000000000008', 'a0000005-0000-0000-0000-000000000005', 'b0000002-0000-0000-0000-000000000002', 'c0000008-0000-0000-0000-000000000008', 'd0000008-0000-0000-0000-000000000008', 'PG-20260214-001', 'APR-008', 'SM-002', 108000, '카드', '하나카드', '2345-****-****-6789', '결제완료', '2026-02-08 15:01:00', '2026-02-08 15:01:00'),
('e0000009-0000-0000-0000-000000000009', 'a0000006-0000-0000-0000-000000000006', 'b0000003-0000-0000-0000-000000000003', 'c0000009-0000-0000-0000-000000000009', 'd0000009-0000-0000-0000-000000000009', 'PG-20260215-001', 'APR-009', 'SM-003', 65000, '카드', 'BC카드', '6789-****-****-0123', '결제완료', '2026-02-10 16:01:00', '2026-02-10 16:01:00'),
('e0000010-0000-0000-0000-000000000010', 'a0000007-0000-0000-0000-000000000007', 'b0000003-0000-0000-0000-000000000003', 'c0000010-0000-0000-0000-000000000010', 'd0000010-0000-0000-0000-000000000010', 'PG-20260217-001', 'APR-010', 'SM-003', 30000, '카드', '우리카드', '0123-****-****-4567', '결제완료', '2026-02-12 11:01:00', '2026-02-12 11:01:00'),
('e0000011-0000-0000-0000-000000000011', 'a0000001-0000-0000-0000-000000000001', 'b0000002-0000-0000-0000-000000000002', 'c0000001-0000-0000-0000-000000000001', 'd0000011-0000-0000-0000-000000000011', 'PG-20260220-001', 'APR-011', 'SM-002', 72000, '카드', '삼성카드', '1234-****-****-5678', '결제완료', '2026-02-15 10:01:00', '2026-02-15 10:01:00'),
('e0000012-0000-0000-0000-000000000012', 'a0000002-0000-0000-0000-000000000002', 'b0000001-0000-0000-0000-000000000001', 'c0000003-0000-0000-0000-000000000003', 'd0000012-0000-0000-0000-000000000012', 'PG-20260326-001', 'APR-012', 'SM-001', 80000, '카드', '현대카드', '5678-****-****-1234', '결제완료', '2026-03-20 14:01:00', '2026-03-20 14:01:00'),
('e0000013-0000-0000-0000-000000000013', 'a0000004-0000-0000-0000-000000000004', 'b0000003-0000-0000-0000-000000000003', 'c0000006-0000-0000-0000-000000000006', 'd0000013-0000-0000-0000-000000000013', 'PG-20260328-001', 'APR-013', 'SM-003', 40000, '카드', '롯데카드', '7890-****-****-1234', '결제완료', '2026-03-22 09:01:00', '2026-03-22 09:01:00'),
('e0000014-0000-0000-0000-000000000014', 'a0000006-0000-0000-0000-000000000006', 'b0000001-0000-0000-0000-000000000001', 'c0000009-0000-0000-0000-000000000009', 'd0000014-0000-0000-0000-000000000014', 'PG-20260401-001', 'APR-014', 'SM-001', 72000, '카드', 'BC카드', '6789-****-****-0123', '결제완료', '2026-03-25 10:01:00', '2026-03-25 10:01:00'),
('e0000015-0000-0000-0000-000000000015', 'a0000007-0000-0000-0000-000000000007', 'b0000002-0000-0000-0000-000000000002', 'c0000010-0000-0000-0000-000000000010', 'd0000015-0000-0000-0000-000000000015', 'PG-20260402-001', 'APR-015', 'SM-002', 65000, '카드', '우리카드', '0123-****-****-4567', '결제완료', '2026-03-25 11:01:00', '2026-03-25 11:01:00'),
('e0000016-0000-0000-0000-000000000016', 'a0000006-0000-0000-0000-000000000006', 'b0000003-0000-0000-0000-000000000003', 'c0000011-0000-0000-0000-000000000011', 'd0000016-0000-0000-0000-000000000016', 'PG-20260403-001', 'APR-016', 'SM-003', 50000, '카드', 'BC카드', '6789-****-****-0123', '결제완료', '2026-03-25 14:01:00', '2026-03-25 14:01:00'),
('e0000017-0000-0000-0000-000000000017', 'a0000006-0000-0000-0000-000000000006', 'b0000001-0000-0000-0000-000000000001', 'c0000009-0000-0000-0000-000000000009', 'd0000020-0000-0000-0000-000000000020', 'PG-20260228-001', 'APR-017', 'SM-001', 60000, '카드', 'BC카드', '6789-****-****-0123', '결제완료', '2026-02-22 10:01:00', '2026-02-22 10:01:00'),
-- 취소완료 3건
('e0000018-0000-0000-0000-000000000018', 'a0000004-0000-0000-0000-000000000004', 'b0000002-0000-0000-0000-000000000002', 'c0000006-0000-0000-0000-000000000006', 'd0000017-0000-0000-0000-000000000017', 'PG-20260218-001', 'APR-018', 'SM-002', 36000, '카드', '롯데카드', '7890-****-****-1234', '취소완료', '2026-02-13 09:01:00', '2026-02-13 09:01:00'),
('e0000019-0000-0000-0000-000000000019', 'a0000007-0000-0000-0000-000000000007', 'b0000001-0000-0000-0000-000000000001', 'c0000010-0000-0000-0000-000000000010', 'd0000018-0000-0000-0000-000000000018', 'PG-20260222-001', 'APR-019', 'SM-001', 60000, '카드', '우리카드', '0123-****-****-4567', '취소완료', '2026-02-17 14:01:00', '2026-02-17 14:01:00'),
('e0000020-0000-0000-0000-000000000020', 'a0000006-0000-0000-0000-000000000006', 'b0000002-0000-0000-0000-000000000002', 'c0000009-0000-0000-0000-000000000009', 'd0000019-0000-0000-0000-000000000019', 'PG-20260225-001', 'APR-020', 'SM-002', 80000, '카드', 'BC카드', '6789-****-****-0123', '취소완료', '2026-02-19 16:01:00', '2026-02-19 16:01:00');


-- ============================================================
-- 6. refunds (5건)
-- ============================================================
-- 환불완료 3 / 환불대기 2

INSERT INTO refunds (id, payment_id, reservation_id, member_id, kindergarten_id, requester, cancel_reason, requested_at, hours_before_checkin, applied_rule, original_amount, refund_rate, refund_amount, penalty_rate, penalty_amount, status, pg_refund_id, refunded_at, created_at) VALUES
('f0000001-0000-0000-0000-000000000001', 'e0000018-0000-0000-0000-000000000018', 'd0000017-0000-0000-0000-000000000017', 'a0000004-0000-0000-0000-000000000004', 'b0000002-0000-0000-0000-000000000002', '보호자', '개인 사정으로 취소합니다', '2026-02-16 10:00:00', 46, '48시간 이내', 36000, 80, 28800, 20, 7200, '환불완료', 'RF-001', '2026-02-16 10:30:00', '2026-02-16 10:00:00'),
('f0000002-0000-0000-0000-000000000002', 'e0000019-0000-0000-0000-000000000019', 'd0000018-0000-0000-0000-000000000018', 'a0000007-0000-0000-0000-000000000007', 'b0000001-0000-0000-0000-000000000001', '유치원', '유치원 사정으로 취소', '2026-02-20 15:00:00', 43, '유치원 취소 (전액 환불)', 60000, 100, 60000, 0, 0, '환불완료', 'RF-002', '2026-02-20 15:30:00', '2026-02-20 15:00:00'),
('f0000003-0000-0000-0000-000000000003', 'e0000020-0000-0000-0000-000000000020', 'd0000019-0000-0000-0000-000000000019', 'a0000006-0000-0000-0000-000000000006', 'b0000002-0000-0000-0000-000000000002', '유치원', '해당 일자 정원이 초과되었습니다', '2026-02-21 09:00:00', 95, '유치원 거절 (전액 환불)', 80000, 100, 80000, 0, 0, '환불완료', 'RF-003', '2026-02-21 09:30:00', '2026-02-21 09:00:00'),
('f0000004-0000-0000-0000-000000000004', 'e0000017-0000-0000-0000-000000000017', 'd0000020-0000-0000-0000-000000000020', 'a0000006-0000-0000-0000-000000000006', 'b0000001-0000-0000-0000-000000000001', '관리자', '보호자 노쇼 — 위약금 처리 대기', '2026-02-28 14:00:00', 0, '노쇼 위약금', 60000, 0, 0, 100, 60000, '환불대기', NULL, NULL, '2026-02-28 14:00:00'),
('f0000005-0000-0000-0000-000000000005', 'e0000014-0000-0000-0000-000000000014', 'd0000014-0000-0000-0000-000000000014', 'a0000006-0000-0000-0000-000000000006', 'b0000001-0000-0000-0000-000000000001', '보호자', '일정 변경 요청', '2026-03-26 08:00:00', 144, '72시간 이상 (전액 환불)', 72000, 100, 72000, 0, 0, '환불대기', NULL, NULL, '2026-03-26 08:00:00');


-- ============================================================
-- 7. settlement_infos (5건)
-- ============================================================
-- 완료 3 / 미등록 1 / 실패 1

INSERT INTO settlement_infos (id, kindergarten_id, operator_name, operator_phone, operator_birth_date, business_type, business_number, business_name, business_category, account_bank, account_number, account_holder, inicis_seller_id, inicis_submall_code, inicis_status, submitted_at, processed_at, failure_reason, created_at) VALUES
('a1000001-0000-0000-0000-000000000001', 'b0000001-0000-0000-0000-000000000001', '김민지', '010-1234-5678', '1990-03-15', '개인', '123-45-67890', '해피독', '반려동물 서비스', '국민은행', '123456-78-901234', '김민지', 'SEL-001', 'SM-001', '완료', '2026-01-13 10:00:00', '2026-01-14 09:00:00', NULL, '2026-01-13 10:00:00'),
('a1000002-0000-0000-0000-000000000002', 'b0000002-0000-0000-0000-000000000002', '이서연', '010-2345-6789', '1988-07-22', '개인', '234-56-78901', '멍멍랜드', '반려동물 서비스', '신한은행', '234567-89-012345', '이서연', 'SEL-002', 'SM-002', '완료', '2026-01-16 14:00:00', '2026-01-17 10:00:00', NULL, '2026-01-16 14:00:00'),
('a1000003-0000-0000-0000-000000000003', 'b0000003-0000-0000-0000-000000000003', '박지훈', '010-3456-7890', '1985-11-08', '법인', '345-67-89012', '퍼피하우스 주식회사', '반려동물 서비스', '하나은행', '345678-90-123456', '퍼피하우스(주)', 'SEL-003', 'SM-003', '완료', '2026-01-19 09:00:00', '2026-01-20 10:00:00', NULL, '2026-01-19 09:00:00'),
('a1000004-0000-0000-0000-000000000004', 'b0000004-0000-0000-0000-000000000004', '최수아', '010-4567-8901', '1992-05-20', '개인', NULL, NULL, NULL, NULL, NULL, NULL, NULL, NULL, '미등록', NULL, NULL, NULL, '2026-01-22 11:00:00'),
('a1000005-0000-0000-0000-000000000005', 'b0000005-0000-0000-0000-000000000005', '정현우', '010-5678-9012', '1987-09-12', '개인', '567-89-01234', '왈왈케어', '반려동물 서비스', '우리은행', '567890-12-345678', '정현우', 'SEL-005', 'SM-005', '실패', '2026-01-26 15:00:00', '2026-01-27 10:00:00', '사업자등록번호 불일치', '2026-01-26 15:00:00');


-- ============================================================
-- 8. settlements (15건)
-- ============================================================
-- 정산완료 9 / 정산예정 5 / 정산보류 1

INSERT INTO settlements (id, kindergarten_id, member_id, payment_id, reservation_id, refund_id, transaction_type, payment_amount, commission_rate, commission_amount, settlement_amount, account_bank, account_number, account_holder, inicis_submall_code, status, scheduled_date, completed_date, hold_reason, created_at) VALUES
('a2000001-0000-0000-0000-000000000001', 'b0000001-0000-0000-0000-000000000001', 'a0000001-0000-0000-0000-000000000001', 'e0000001-0000-0000-0000-000000000001', 'd0000001-0000-0000-0000-000000000001', NULL, '돌봄결제', 60000, 20, 12000, 48000, '국민은행', '123456-**-******', '김민지', 'SM-001', '정산완료', '2026-02-08', '2026-02-08', NULL, '2026-02-02 00:00:00'),
('a2000002-0000-0000-0000-000000000002', 'b0000001-0000-0000-0000-000000000001', 'a0000001-0000-0000-0000-000000000001', 'e0000002-0000-0000-0000-000000000002', 'd0000002-0000-0000-0000-000000000002', NULL, '돌봄결제', 60000, 20, 12000, 48000, '국민은행', '123456-**-******', '김민지', 'SM-001', '정산완료', '2026-02-08', '2026-02-08', NULL, '2026-02-02 00:00:00'),
('a2000003-0000-0000-0000-000000000003', 'b0000002-0000-0000-0000-000000000002', 'a0000002-0000-0000-0000-000000000002', 'e0000003-0000-0000-0000-000000000003', 'd0000003-0000-0000-0000-000000000003', NULL, '돌봄결제', 65000, 20, 13000, 52000, '신한은행', '234567-**-******', '이서연', 'SM-002', '정산완료', '2026-02-10', '2026-02-10', NULL, '2026-02-04 00:00:00'),
('a2000004-0000-0000-0000-000000000004', 'b0000003-0000-0000-0000-000000000003', 'a0000003-0000-0000-0000-000000000003', 'e0000004-0000-0000-0000-000000000004', 'd0000004-0000-0000-0000-000000000004', NULL, '돌봄결제', 90000, 20, 18000, 72000, '하나은행', '345678-**-******', '퍼피하우스(주)', 'SM-003', '정산완료', '2026-02-12', '2026-02-12', NULL, '2026-02-06 00:00:00'),
('a2000005-0000-0000-0000-000000000005', 'b0000001-0000-0000-0000-000000000001', 'a0000003-0000-0000-0000-000000000003', 'e0000005-0000-0000-0000-000000000005', 'd0000005-0000-0000-0000-000000000005', NULL, '돌봄결제', 95000, 20, 19000, 76000, '국민은행', '123456-**-******', '김민지', 'SM-001', '정산완료', '2026-02-14', '2026-02-14', NULL, '2026-02-08 00:00:00'),
('a2000006-0000-0000-0000-000000000006', 'b0000001-0000-0000-0000-000000000001', 'a0000004-0000-0000-0000-000000000004', 'e0000006-0000-0000-0000-000000000006', 'd0000006-0000-0000-0000-000000000006', NULL, '돌봄결제', 45000, 20, 9000, 36000, '국민은행', '123456-**-******', '김민지', 'SM-001', '정산완료', '2026-02-17', '2026-02-17', NULL, '2026-02-11 00:00:00'),
('a2000007-0000-0000-0000-000000000007', 'b0000002-0000-0000-0000-000000000002', 'a0000005-0000-0000-0000-000000000005', 'e0000007-0000-0000-0000-000000000007', 'd0000007-0000-0000-0000-000000000007', NULL, '돌봄결제', 120000, 20, 24000, 96000, '신한은행', '234567-**-******', '이서연', 'SM-002', '정산완료', '2026-02-19', '2026-02-19', NULL, '2026-02-13 00:00:00'),
('a2000008-0000-0000-0000-000000000008', 'b0000002-0000-0000-0000-000000000002', 'a0000005-0000-0000-0000-000000000005', 'e0000008-0000-0000-0000-000000000008', 'd0000008-0000-0000-0000-000000000008', NULL, '돌봄결제', 108000, 20, 21600, 86400, '신한은행', '234567-**-******', '이서연', 'SM-002', '정산완료', '2026-02-21', '2026-02-21', NULL, '2026-02-15 00:00:00'),
('a2000009-0000-0000-0000-000000000009', 'b0000003-0000-0000-0000-000000000003', 'a0000006-0000-0000-0000-000000000006', 'e0000009-0000-0000-0000-000000000009', 'd0000009-0000-0000-0000-000000000009', NULL, '돌봄결제', 65000, 20, 13000, 52000, '하나은행', '345678-**-******', '퍼피하우스(주)', 'SM-003', '정산완료', '2026-02-22', '2026-02-22', NULL, '2026-02-16 00:00:00'),
-- 정산예정 5건
('a2000010-0000-0000-0000-000000000010', 'b0000003-0000-0000-0000-000000000003', 'a0000007-0000-0000-0000-000000000007', 'e0000010-0000-0000-0000-000000000010', 'd0000010-0000-0000-0000-000000000010', NULL, '돌봄결제', 30000, 20, 6000, 24000, '하나은행', '345678-**-******', '퍼피하우스(주)', 'SM-003', '정산예정', '2026-02-24', NULL, NULL, '2026-02-18 00:00:00'),
('a2000011-0000-0000-0000-000000000011', 'b0000002-0000-0000-0000-000000000002', 'a0000001-0000-0000-0000-000000000001', 'e0000011-0000-0000-0000-000000000011', 'd0000011-0000-0000-0000-000000000011', NULL, '돌봄결제', 72000, 20, 14400, 57600, '신한은행', '234567-**-******', '이서연', 'SM-002', '정산예정', '2026-02-27', NULL, NULL, '2026-02-21 00:00:00'),
('a2000012-0000-0000-0000-000000000012', 'b0000002-0000-0000-0000-000000000002', 'a0000004-0000-0000-0000-000000000004', 'e0000018-0000-0000-0000-000000000018', 'd0000017-0000-0000-0000-000000000017', 'f0000001-0000-0000-0000-000000000001', '위약금', 7200, 20, 1440, 5760, '신한은행', '234567-**-******', '이서연', 'SM-002', '정산예정', '2026-02-23', NULL, NULL, '2026-02-17 00:00:00'),
('a2000013-0000-0000-0000-000000000013', 'b0000001-0000-0000-0000-000000000001', 'a0000006-0000-0000-0000-000000000006', 'e0000017-0000-0000-0000-000000000017', 'd0000020-0000-0000-0000-000000000020', 'f0000004-0000-0000-0000-000000000004', '위약금', 60000, 20, 12000, 48000, '국민은행', '123456-**-******', '김민지', 'SM-001', '정산예정', '2026-03-07', NULL, NULL, '2026-03-01 00:00:00'),
('a2000014-0000-0000-0000-000000000014', 'b0000001-0000-0000-0000-000000000001', 'a0000002-0000-0000-0000-000000000002', 'e0000012-0000-0000-0000-000000000012', 'd0000012-0000-0000-0000-000000000012', NULL, '돌봄결제', 80000, 20, 16000, 64000, '국민은행', '123456-**-******', '김민지', 'SM-001', '정산예정', '2026-04-02', NULL, NULL, '2026-03-27 00:00:00'),
-- 정산보류 1건
('a2000015-0000-0000-0000-000000000015', 'b0000003-0000-0000-0000-000000000003', 'a0000007-0000-0000-0000-000000000007', 'e0000010-0000-0000-0000-000000000010', 'd0000010-0000-0000-0000-000000000010', NULL, '돌봄결제', 30000, 20, 6000, 24000, '하나은행', '345678-**-******', '퍼피하우스(주)', 'SM-003', '정산보류', '2026-02-24', NULL, '유치원 계좌 변경 확인 필요', '2026-02-18 00:00:00');


-- ============================================================
-- 검증 쿼리
-- ============================================================
SELECT 
  '✅ SQL 10-A 완료' AS result,
  (SELECT count(*) FROM members) AS "회원",
  (SELECT count(*) FROM kindergartens) AS "유치원",
  (SELECT count(*) FROM pets) AS "반려동물",
  (SELECT count(*) FROM reservations) AS "예약",
  (SELECT count(*) FROM payments) AS "결제",
  (SELECT count(*) FROM refunds) AS "환불",
  (SELECT count(*) FROM settlement_infos) AS "정산정보",
  (SELECT count(*) FROM settlements) AS "정산내역";
